yard_name,project_name,number,start_day,end_day,is_fixed
A01,2506036_20260105_20260106,1,5,6,0
A01,2601001_20260106_20260110,5,6,10,0
A01,2601004_20260107_20260109,1,7,9,0
A01,2502023_20260112_20260203,5,12,34,0
A01,2601006_20260112_20260115,9,12,15,0
A01,2504063_20260112_20260115,5,12,15,0
A01,2502023_20260115_20260120,2,15,20,0
A01,2504063_20260115_20260115,1,15,16,0
A01,2601010_20260119_20260120,4,19,20,0
A01,2502023_20260120_20260128,10,20,28,0
A01,2512026_20260120_20260121,1,20,21,0
A01,2410054_20260123_20260127,2,23,27,0
A01,2506036_20260128_20260131,1,28,31,0
A01,2601024_20260128_20260129,4,28,29,0
A01,2502023_20260203_20260310,1,34,69,0
A01,2502023_20260203_20260304,2,34,63,0
A01,2502023_20260203_20260212,1,34,43,0
A01,2506036_20260203_20260211,2,34,42,0
A01,2502023_20260203_20260209,7,34,40,0
A01,2502023_20260210_20260210,1,41,42,0
A01,2502023_20260210_20260211,2,41,42,0
A01,2502023_20260211_20260212,3,42,43,0
A01,2502023_20260212_20260304,6,43,63,0
A01,2502023_20260212_20260302,6,43,61,0
A01,2502023_20260212_20260223,2,43,54,0
A01,2602013_20260223_20260224,3,54,55,0
A01,2602003_20260224_20260225,3,55,56,0
A01,2502023_20260302_20260304,1,61,63,0
A01,2602022_20260304_20260309,14,63,68,0
A01,2602027_20260304_20260307,3,63,66,0
A01,2502023_20260310_20260318,6,69,77,0
A01,2502023_20260310_20260312,4,69,71,0
A01,2603005_20260310_20260312,1,69,71,0
A01,2603012_20260310_20260311,1,69,70,0
A01,2603005_20260311_20260312,4,70,71,0
A01,2410054_20260312_20260318,1,71,77,0
A01,2502023_20260312_20260317,1,71,76,0
A01,2603009_20260312_20260314,3,71,73,0
A01,2506036_20260312_20260313,6,71,72,0
A01,2506036_20260318_20260319,2,77,78,0
A01,2410054_20260318_20260318,1,77,78,0
A01,2502023_20260319_20260320,7,78,79,0
A01,2502023_20260320_20260411,14,79,101,0
A01,2506036_20260320_20260330,3,79,89,0
A01,2408005_20260320_20260323,1,79,82,0
A01,2502023_20260323_20260330,2,82,89,0
A01,2603014_20260330_20260409,6,89,99,0
A01,2604004_20260410_20260411,1,100,101,0
A01,2508021_20260411_20260414,3,101,104,0
A01,2502023_20260411_20260414,11,101,104,0
A01,2508021_20260411_20260413,1,101,103,0
A01,2604008_20260411_20260413,2,101,103,0
A01,2502023_20260413_20260414,1,103,104,0
A01,2603014_20260414_20260416,18,104,106,0
A01,2502023_20260416_20260511,1,106,131,0
A01,2502023_20260416_20260428,5,106,118,0
A01,2502023_20260416_20260425,2,106,115,0
A01,2506036_20260416_20260425,3,106,115,0
A01,2502023_20260416_20260417,6,106,107,0
A01,2502023_20260417_20260421,2,107,111,0
A01,2603014_20260417_20260417,3,107,108,0
A01,2502023_20260421_20260424,3,111,114,0
A01,2408005_20260421_20260423,3,111,113,0
A01,2502023_20260424_20260425,6,114,115,0
A01,2410054_20260425_20260428,5,115,118,0
A01,2604021_20260425_20260427,4,115,117,0
A01,2502023_20260427_20260428,6,117,118,0
A01,2506036_20260428_20260505,2,118,125,0
A01,2506036_20260428_20260430,9,118,120,0
A01,2502023_20260428_20260429,6,118,119,0
A01,2502023_20260429_20260430,3,119,120,0
A01,2410054_20260430_20260505,6,120,125,0
A01,2506036_20260430_20260505,6,120,125,0
A01,2408005_20260430_20260502,1,120,122,0
A01,2506036_20260504_20260505,3,124,125,0
A01,2502023_20260505_20260505,11,125,126,0
A01,2408005_20260506_20260511,6,126,131,0
A01,2502023_20260506_20260509,1,126,129,0
A01,2410054_20260506_20260509,2,126,129,0
A01,2408005_20260506_20260509,2,126,129,0
A01,2603014_20260506_20260507,2,126,127,0
A01,2603014_20260507_20260508,3,127,128,0
A01,2410054_20260508_20260509,3,128,129,0
A01,2408005_20260509_20260511,2,129,131,0
A01,2605003_20260509_20260511,1,129,131,0
A01,2603014_20260511_20260526,10,131,146,0
A01,2506036_20260511_20260514,2,131,134,0
A01,2502023_20260511_20260512,6,131,132,0
A01,2506036_20260512_20260514,5,132,134,0
A01,2408005_20260514_20260519,8,134,139,0
A01,2603014_20260519_20260525,6,139,145,0
A01,2605028_20260520_20260521,2,140,141,0
A01,2410054_20260522_20260525,1,142,145,0
A01,2410054_20260526_20260603,4,146,154,0
A01,2508021_20260526_20260603,15,146,154,0
A01,2603014_20260603_20260613,3,154,164,0
A01,2502023_20260603_20260611,12,154,162,0
A01,2508021_20260603_20260610,4,154,161,0
A01,2506036_20260610_20260611,6,161,162,0
A01,2506036_20260611_20260613,2,162,164,0
A02,2502023_20260108_20260202,6,8,33,0
A02,2502023_20260108_20260130,3,8,30,0
A02,2601001_20260108_20260110,1,8,10,0
A02,2601007_20260114_20260115,1,14,15,0
A02,2502023_20260119_20260122,6,19,22,0
A02,2502023_20260120_20260122,5,20,22,0
A02,2505001_20260123_20260130,7,23,30,0
A02,2505001_20260126_20260130,3,26,30,0
A02,2601023_20260202_20260204,12,33,35,0
A02,2601023_20260203_20260204,1,34,35,0
A02,2601031_20260204_20260205,1,35,36,0
A02,2502023_20260209_20260223,6,40,54,0
A02,2505001_20260209_20260219,11,40,50,0
A02,2601023_20260209_20260210,1,40,41,0
A02,2502023_20260210_20260212,1,41,43,0
A02,2601023_20260212_20260213,1,43,44,0
A02,2502023_20260219_20260219,3,50,51,0
A02,2602009_20260219_20260220,7,50,51,0
A02,2602009_20260220_20260220,3,51,52,0
A02,2411047_20260220_20260221,12,51,52,0
A02,2602019_20260221_20260223,1,52,54,0
A02,2506036_20260223_20260313,6,54,72,0
A02,2506036_20260223_20260311,6,54,70,0
A02,2502023_20260223_20260303,2,54,62,0
A02,2506036_20260223_20260227,1,54,58,0
A02,2502023_20260223_20260224,3,54,55,0
A02,2602014_20260224_20260225,1,55,56,0
A02,2602022_20260303_20260309,6,62,68,0
A02,2602021_20260303_20260307,1,62,66,0
A02,2603001_20260311_20260312,9,70,71,0
A02,2601021_20260313_20260430,2,72,120,0
A02,2601021_20260313_20260423,7,72,113,0
A02,2601021_20260313_20260420,6,72,110,0
A02,2603014_20260318_20260328,2,77,87,0
A02,2601021_20260330_20260414,3,89,104,0
A02,2505001_20260420_20260422,2,110,112,0
A02,2502023_20260420_20260421,4,110,111,0
A02,2502023_20260421_20260422,5,111,112,0
A02,2505001_20260423_20260427,1,113,117,0
A02,2502023_20260423_20260424,4,113,114,0
A02,2502023_20260424_20260427,9,114,117,0
A02,2502023_20260424_20260425,6,114,115,0
A02,2604030_20260425_20260427,1,115,117,0
A02,2502023_20260427_20260428,17,117,118,0
A02,2502023_20260428_20260428,10,118,119,0
A02,2601021_20260430_20260502,9,120,122,0
A02,2408005_20260501_20260502,1,121,122,0
A02,2604038_20260501_20260502,2,121,122,0
A02,2502023_20260501_20260502,6,121,122,0
A02,2604024_20260502_20260507,4,122,127,0
A02,2408005_20260502_20260507,3,122,127,0
A02,2502023_20260502_20260504,7,122,124,0
A02,2502023_20260502_20260502,2,122,123,0
A02,2604024_20260504_20260507,8,124,127,0
A02,2506036_20260504_20260505,3,124,125,0
A02,2601021_20260505_20260505,2,125,126,0
A02,2603014_20260507_20260509,14,127,129,0
A02,2502023_20260507_20260507,6,127,128,0
A02,2603014_20260508_20260509,4,128,129,0
A02,2603014_20260509_20260527,8,129,147,0
A02,2603014_20260509_20260512,7,129,132,0
A02,2601021_20260512_20260516,3,132,136,0
A02,2408005_20260512_20260513,8,132,133,0
A02,2601021_20260513_20260516,3,133,136,0
A02,2604001_20260513_20260515,1,133,135,0
A02,2601021_20260513_20260514,3,133,134,0
A02,2502023_20260516_20260527,3,136,147,0
A02,2502023_20260516_20260525,1,136,145,0
A02,2603010_20260518_20260521,5,138,141,0
A02,2506036_20260521_20260523,5,141,143,0
A02,2502023_20260527_20260606,4,147,157,0
A02,2605037_20260527_20260529,4,147,149,0
A02,2408005_20260527_20260528,1,147,148,0
A02,2603014_20260529_20260602,11,149,153,0
A02,2604026_20260602_20260605,8,153,156,0
A02,2604026_20260603_20260604,5,154,155,0
A02,2604026_20260604_20260605,2,155,156,0
A02,2604026_20260604_20260604,1,155,156,0
A02,2505001_20260606_20260613,3,157,164,0
A02,2506036_20260606_20260611,1,157,162,0
A02,2601021_20260606_20260611,4,157,162,0
A02,2605014_20260606_20260609,3,157,160,0
A02,2605005_20260608_20260609,4,159,160,0
A02,2506036_20260609_20260611,4,160,162,0
A02,2502023_20260609_20260610,2,160,161,0
A02,2601021_20260612_20260613,11,163,164,0
A03,2502023_20260109_20260205,1,9,36,0
A03,2502023_20260113_20260205,3,13,36,0
A03,2502023_20260116_20260129,8,16,29,0
A03,2502023_20260120_20260129,5,20,29,0
A03,2601023_20260129_20260204,9,29,35,0
A03,2502023_20260209_20260213,4,40,44,0
A03,2502023_20260209_20260212,11,40,43,0
A03,2502023_20260213_20260309,3,44,68,0
A03,2502023_20260213_20260305,4,44,64,0
A03,2508021_20260213_20260225,12,44,56,0
A03,2502023_20260225_20260227,10,56,58,0
A03,2602022_20260305_20260309,15,64,68,0
A03,2502023_20260305_20260309,1,64,68,0
A03,2508021_20260309_20260324,15,68,83,0
A03,2502023_20260309_20260320,3,68,79,0
A03,2502023_20260324_20260407,5,83,97,0
A03,2502023_20260325_20260407,11,84,97,0
A03,2508021_20260326_20260401,3,85,91,0
A03,2603028_20260403_20260404,1,93,94,0
A03,2502023_20260404_20260407,1,94,97,0
A03,2603014_20260407_20260415,16,97,105,0
A03,2508021_20260408_20260414,1,98,104,0
A03,2410054_20260416_20260423,4,106,113,0
A03,2603014_20260416_20260417,4,106,107,0
A03,2508021_20260417_20260422,15,107,112,0
A03,2410054_20260424_20260428,9,114,118,0
A03,2410054_20260427_20260428,11,117,118,0
A03,2502023_20260428_20260513,2,118,133,0
A03,2508021_20260428_20260506,3,118,126,0
A03,2502023_20260428_20260502,1,118,122,0
A03,2604032_20260428_20260429,7,118,119,0
A03,2508021_20260502_20260506,6,122,126,0
A03,2502023_20260504_20260505,4,124,125,0
A03,2508021_20260506_20260513,13,126,133,0
A03,2502023_20260508_20260511,1,128,131,0
A03,2410054_20260511_20260512,1,131,132,0
A03,2502023_20260513_20260527,1,133,147,0
A03,2508021_20260513_20260520,9,133,140,0
A03,2410054_20260514_20260516,2,134,136,0
A03,2603014_20260518_20260519,9,138,139,0
A03,2410054_20260520_20260527,9,140,147,0
A03,2508021_20260520_20260527,8,140,147,0
A03,2508021_20260527_20260602,12,147,153,0
A03,2508021_20260528_20260602,6,148,153,0
A03,2508013_20260528_20260530,1,148,150,0
A03,2410054_20260602_20260611,2,153,162,0
A03,2410054_20260602_20260608,1,153,159,0
A03,2604026_20260602_20260605,9,153,156,0
A03,2604026_20260602_20260604,6,153,155,0
A03,2508021_20260608_20260610,6,159,161,0
A04,2502023_20260113_20260213,1,13,44,0
A04,2502023_20260113_20260207,14,13,38,0
A04,2505001_20260114_20260130,1,14,30,0
A04,2502023_20260213_20260227,1,44,58,0
A04,2502023_20260213_20260220,17,44,51,0
A04,2502023_20260221_20260226,1,52,57,0
A04,2502023_20260221_20260224,14,52,55,0
A04,2502023_20260224_20260225,13,55,56,0
A04,2502023_20260225_20260226,12,56,57,0
A04,2502023_20260228_20260413,2,59,103,0
A04,2502023_20260228_20260404,3,59,94,0
A04,2602021_20260302_20260307,12,61,66,0
A04,2502023_20260310_20260328,8,69,87,0
A04,2502023_20260310_20260327,1,69,86,0
A04,2502023_20260310_20260325,2,69,84,0
A04,2502023_20260328_20260402,10,87,92,0
A04,2603028_20260331_20260402,1,90,92,0
A04,2502023_20260408_20260413,3,98,103,0
A04,2508021_20260408_20260413,13,98,103,0
A04,2603033_20260414_20260424,6,104,114,0
A04,2603033_20260414_20260417,1,104,107,0
A04,2502023_20260417_20260424,6,107,114,0
A04,2508021_20260417_20260422,5,107,112,0
A04,2502023_20260417_20260418,1,107,108,0
A04,2502023_20260420_20260422,3,110,112,0
A04,2502023_20260422_20260424,3,112,114,0
A04,2410054_20260424_20260508,2,114,128,0
A04,2508021_20260424_20260429,14,114,119,0
A04,2410054_20260430_20260508,4,120,128,0
A04,2508021_20260501_20260506,10,121,126,0
A04,2603014_20260507_20260508,11,127,128,0
A04,2603014_20260508_20260527,6,128,147,0
A04,2410054_20260509_20260516,6,129,136,0
A04,2410054_20260509_20260515,6,129,135,0
A04,2410054_20260519_20260527,6,139,147,0
A04,2502023_20260519_20260527,6,139,147,0
A04,2410054_20260519_20260525,1,139,145,0
A04,2505001_20260528_20260613,1,148,164,0
A04,2502023_20260528_20260611,4,148,162,0
A04,2502023_20260528_20260606,2,148,157,0
A04,2508021_20260528_20260603,5,148,154,0
A04,2605022_20260601_20260603,2,152,154,0
A05,2502023_20260115_20260303,1,15,62,0
A05,2506036_20260122_20260205,2,22,36,0
A05,2508021_20260129_20260205,1,29,36,0
A05,2502023_20260211_20260302,3,42,61,0
A05,2502023_20260213_20260302,4,44,61,0
A05,2508021_20260219_20260225,1,50,56,0
A05,2508021_20260220_20260225,4,51,56,0
A05,2505001_20260303_20260309,5,62,68,0
A05,2602028_20260303_20260306,5,62,65,0
A05,2508021_20260309_20260324,11,68,83,0
A05,2603014_20260317_20260323,6,76,82,0
A05,2502023_20260324_20260429,2,83,119,0
A05,2502023_20260324_20260423,3,83,113,0
A05,2502023_20260324_20260406,5,83,96,0
A05,2502023_20260324_20260404,1,83,94,0
A05,2508021_20260326_20260401,5,85,91,0
A05,2502023_20260409_20260422,1,99,112,0
A05,2502023_20260410_20260422,1,100,112,0
A05,2502023_20260410_20260421,5,100,111,0
A05,2502023_20260411_20260421,3,101,111,0
A05,2508021_20260423_20260429,7,113,119,0
A05,2508021_20260423_20260428,8,113,118,0
A05,2508021_20260429_20260506,9,119,126,0
A05,2506036_20260501_20260505,5,121,125,0
A05,2502023_20260506_20260527,6,126,147,0
A05,2502023_20260506_20260525,10,126,145,0
A05,2508021_20260506_20260514,2,126,134,0
A05,2410054_20260528_20260603,1,148,154,0
A05,2505001_20260604_20260613,4,155,164,0
A05,2410054_20260604_20260608,7,155,159,0
A05,2505001_20260608_20260613,3,159,164,0
A05,2506036_20260608_20260613,5,159,164,0
A05,2506036_20260608_20260611,2,159,162,0
A06,2508021_20260123_20260205,18,23,36,0
A06,2502023_20260212_20260318,1,43,77,0
A06,2502023_20260212_20260312,3,43,71,0
A06,2502023_20260212_20260309,7,43,68,0
A06,2506036_20260318_20260325,16,77,84,0
A06,2502023_20260325_20260408,5,84,98,0
A06,2508021_20260326_20260408,15,85,98,0
A06,2502023_20260408_20260428,2,98,118,0
A06,2603004_20260411_20260413,1,101,103,0
A06,2506036_20260413_20260425,2,103,115,0
A06,2603033_20260415_20260424,6,105,114,0
A06,2508021_20260416_20260422,8,106,112,0
A06,2603004_20260424_20260425,10,114,115,0
A06,2502023_20260505_20260525,2,125,145,0
A06,2508021_20260505_20260514,10,125,134,0
A06,2603004_20260507_20260514,1,127,134,0
A06,2603004_20260602_20260611,5,153,162,0
A06,2603004_20260603_20260611,3,154,162,0
A06,2603004_20260605_20260611,7,156,162,0
A07,2502023_20260213_20260328,9,44,87,0
A07,2502023_20260213_20260318,4,44,77,0
A07,2502023_20260213_20260312,4,44,71,0
A07,2502023_20260320_20260327,4,79,86,0
A07,2502023_20260328_20260514,1,87,134,0
A07,2502023_20260328_20260513,1,87,133,0
A07,2502023_20260328_20260508,2,87,128,0
A07,2502023_20260328_20260423,2,87,113,0
A07,2502023_20260328_20260411,4,87,101,0
A07,2603004_20260401_20260406,3,91,96,0
A07,2603014_20260417_20260420,7,107,110,0
A07,2603004_20260429_20260507,2,119,127,0
A07,2603014_20260523_20260606,13,143,157,0
A08,2502023_20260212_20260326,2,43,85,0
A08,2502023_20260213_20260326,2,44,85,0
A08,2502023_20260213_20260310,1,44,69,0
A08,2502023_20260219_20260310,2,50,69,0
A08,2502023_20260223_20260310,4,54,69,0
A08,2502023_20260310_20260326,6,69,85,0
A08,2502023_20260311_20260326,2,70,85,0
A08,2410054_20260326_20260414,1,85,104,0
A08,2502023_20260326_20260408,4,85,98,0
A08,2410054_20260326_20260331,3,85,90,0
A08,2506036_20260326_20260330,5,85,89,0
A08,2506036_20260331_20260414,1,90,104,0
A08,2603004_20260401_20260406,6,91,96,0
A08,2506036_20260402_20260406,1,92,96,0
A08,2603004_20260410_20260413,5,100,103,0
A08,2410054_20260415_20260423,13,105,113,0
A08,2502023_20260415_20260422,4,105,112,0
A08,2410054_20260423_20260428,3,113,118,0
A08,2603004_20260430_20260507,1,120,127,0
A08,2410054_20260501_20260505,16,121,125,0
A08,2506036_20260508_20260514,4,128,134,0
A08,2506036_20260508_20260512,5,128,132,0
A08,2410054_20260518_20260522,9,138,142,0
A08,2502023_20260523_20260611,7,143,162,0
A08,2410054_20260526_20260608,1,146,159,0
A08,2410054_20260526_20260603,4,146,154,0
A08,2410054_20260526_20260530,3,146,150,0
A09,2502023_20260219_20260328,6,50,87,0
A09,2502023_20260219_20260323,3,50,82,0
A09,2502023_20260219_20260318,1,50,77,0
A09,2502023_20260223_20260318,1,54,77,0
A09,2502023_20260227_20260317,5,58,76,0
A09,2502023_20260324_20260513,1,83,133,0
A09,2502023_20260328_20260512,4,87,132,0
A09,2603014_20260331_20260409,7,90,99,0
A09,2603004_20260401_20260406,3,91,96,0
A09,2603014_20260417_20260420,8,107,110,0
A09,2502023_20260420_20260507,1,110,127,0
A09,2603014_20260420_20260425,8,110,115,0
A09,2603014_20260519_20260525,7,139,145,0
A09,2603014_20260604_20260613,6,155,164,0
A09,2603014_20260604_20260611,14,155,162,0
A10,2502023_20260221_20260416,5,52,106,0
A10,2502023_20260225_20260319,2,56,78,0
A10,2502023_20260226_20260317,3,57,76,0
A10,2506036_20260306_20260310,7,65,69,0
A10,2502023_20260319_20260416,10,78,106,0
A10,2502023_20260324_20260414,2,83,104,0
A10,2502023_20260416_20260430,3,106,120,0
A10,2508021_20260416_20260422,13,106,112,0
A10,2506036_20260430_20260511,7,120,131,0
A10,2502023_20260504_20260509,1,124,129,0
A10,2508021_20260511_20260520,8,131,140,0
A10,2508021_20260512_20260520,11,132,140,0
A10,2508021_20260520_20260527,12,140,147,0
B01,2502023_20260220_20260423,3,51,113,0
B01,2502023_20260221_20260327,4,52,86,0
B01,2502023_20260223_20260323,4,54,82,0
B01,2502023_20260226_20260319,6,57,78,0
B01,2410054_20260327_20260414,1,86,104,0
B01,2603004_20260331_20260406,14,90,96,0
B01,2502023_20260505_20260527,6,125,147,0
B01,2508021_20260511_20260520,8,131,140,0
B01,2410054_20260601_20260611,15,152,162,0
B02,2502023_20260223_20260513,1,54,133,0
B02,2502023_20260224_20260328,3,55,87,0
B02,2502023_20260225_20260328,3,56,87,0
B02,2502023_20260227_20260323,6,58,82,0
B02,2502023_20260228_20260323,2,59,82,0
B02,2502023_20260306_20260312,1,65,71,0
B02,2502023_20260330_20260513,1,89,133,0
B02,2502023_20260330_20260429,2,89,119,0
B02,2502023_20260404_20260414,6,94,104,0
B02,2502023_20260415_20260422,3,105,112,0
B03,2502023_20260306_20260319,4,65,78,0
B03,2601021_20260327_20260527,3,86,147,0
B03,2601021_20260330_20260527,3,89,147,0
B03,2601021_20260330_20260522,1,89,142,0
B03,2502023_20260330_20260514,1,89,134,0
B03,2601021_20260330_20260513,2,89,133,0
B03,2601021_20260330_20260421,2,89,111,0
B04,2505001_20260305_20260317,4,64,76,0
B04,2505001_20260306_20260330,2,65,89,0
B04,2505001_20260306_20260317,10,65,76,0
B04,2505001_20260317_20260330,12,76,89,0
B04,2505001_20260318_20260330,2,77,89,0
B04,2505001_20260319_20260330,3,78,89,0
B04,2603004_20260330_20260418,3,89,108,0
B04,2603004_20260331_20260418,1,90,108,0
B04,2508021_20260331_20260408,11,90,98,0
B04,2603004_20260409_20260418,2,99,108,0
B04,2603014_20260420_20260602,4,110,153,0
B04,2603014_20260421_20260427,4,111,117,0
B04,2505001_20260421_20260427,5,111,117,0
B05,2601021_20260304_20260516,4,63,136,0
B05,2601021_20260311_20260509,7,70,129,0
B05,2601021_20260330_20260421,2,89,111,0
B05,2601021_20260520_20260615,2,140,166,0
B05,2601021_20260521_20260612,2,141,163,0
B06,2502023_20260213_20260401,1,44,91,0
B06,2502023_20260225_20260401,6,56,91,0
B06,2502023_20260227_20260331,2,58,90,0
B06,2502023_20260304_20260330,3,63,89,0
B06,2502023_20260305_20260326,4,64,85,0
B06,2502023_20260421_20260525,3,111,145,0
B07,2506036_20260224_20260313,9,55,72,0
B07,2506036_20260318_20260411,1,77,101,0
B07,2506036_20260325_20260411,8,84,101,0
B08,2502023_20260319_20260422,13,78,112,0
B08,2502023_20260320_20260422,3,79,112,0
B08,2502023_20260325_20260421,1,84,111,0
C01,2502023_20260108_20260205,13,8,36,0
C01,2502023_20260108_20260203,1,8,34,0
C01,2502034_20260112_20260113,2,12,13,0
C01,2601007_20260113_20260115,2,13,15,0
C01,2508021_20260127_20260131,1,27,31,0
C01,2502023_20260204_20260205,5,35,36,0
C01,2505001_20260205_20260211,8,36,42,0
C01,2506036_20260205_20260211,5,36,42,0
C01,2602006_20260206_20260211,1,37,42,0
C01,2602006_20260209_20260211,1,40,42,0
C01,2502023_20260211_20260309,3,42,68,0
C01,2506036_20260211_20260307,1,42,66,0
C01,2502023_20260211_20260227,1,42,58,0
C01,2506036_20260211_20260227,9,42,58,0
C01,2502023_20260212_20260223,2,43,54,0
C01,2502023_20260223_20260226,3,54,57,0
C01,2512005_20260227_20260304,3,58,63,0
C01,2502023_20260228_20260304,1,59,63,0
C01,2505001_20260228_20260303,1,59,62,0
C01,2505001_20260302_20260303,3,61,62,0
C01,2603003_20260306_20260307,1,65,66,0
C01,2602030_20260306_20260306,1,65,66,0
C01,2502023_20260309_20260319,8,68,78,0
C01,2601021_20260310_20260313,12,69,72,0
C01,2508021_20260316_20260324,1,75,83,0
C01,2603020_20260319_20260321,1,78,80,0
C01,2603015_20260323_20260324,5,82,83,0
C01,2506036_20260324_20260330,2,83,89,0
C01,2502023_20260324_20260330,5,83,89,0
C01,2506036_20260325_20260330,8,84,89,0
C01,2506036_20260327_20260330,1,86,89,0
C01,2508021_20260330_20260408,5,89,98,0
C01,2601021_20260330_20260331,2,89,90,0
C01,2508021_20260331_20260408,10,90,98,0
C01,2506036_20260331_20260406,1,90,96,0
C01,2508021_20260406_20260408,3,96,98,0
C01,2502023_20260408_20260413,3,98,103,0
C01,2508021_20260408_20260413,14,98,103,0
C01,2603014_20260408_20260409,1,98,99,0
C01,2604006_20260410_20260413,2,100,103,0
C01,2502023_20260413_20260422,11,103,112,0
C01,2502023_20260413_20260421,2,103,111,0
C01,2604011_20260413_20260415,3,103,105,0
C01,2604004_20260413_20260415,3,103,105,0
C01,2505001_20260415_20260418,3,105,108,0
C01,2505001_20260416_20260418,3,106,108,0
C01,2502023_20260420_20260421,5,110,111,0
C01,2502023_20260421_20260422,5,111,112,0
C01,2508021_20260422_20260428,14,112,118,0
C01,2502023_20260422_20260427,3,112,117,0
C01,2502023_20260422_20260425,1,112,115,0
C01,2502023_20260425_20260427,3,115,117,0
C01,2502023_20260427_20260427,3,117,118,0
C01,2601021_20260427_20260428,3,117,118,0
C01,2601021_20260428_20260428,3,118,119,0
C01,2502023_20260428_20260429,16,118,119,0
C01,2508021_20260430_20260506,16,120,126,0
C01,2506036_20260501_20260506,2,121,126,0
C01,2502023_20260506_20260507,20,126,127,0
C01,2502023_20260507_20260508,20,127,128,0
C01,2603014_20260508_20260514,6,128,134,0
C01,2502023_20260508_20260509,15,128,129,0
C01,2506036_20260509_20260511,13,129,131,0
C01,2502023_20260511_20260512,9,131,132,0
C01,2603014_20260511_20260512,3,131,132,0
C01,2506036_20260512_20260514,5,132,134,0
C01,2604019_20260512_20260513,7,132,133,0
C01,2601021_20260513_20260514,3,133,134,0
C01,2502023_20260513_20260514,6,133,134,0
C01,2603014_20260514_20260521,13,134,141,0
C01,2605016_20260514_20260516,2,134,136,0
C01,2605011_20260515_20260516,1,135,136,0
C01,2605033_20260519_20260521,4,139,141,0
C01,2601021_20260521_20260527,3,141,147,0
C01,2508021_20260521_20260527,16,141,147,0
C01,2502023_20260527_20260603,14,147,154,0
C01,2605036_20260527_20260529,6,147,149,0
C01,2508021_20260529_20260603,1,149,154,0
C01,2601021_20260601_20260603,3,152,154,0
C01,2505001_20260603_20260613,3,154,164,0
C01,2601021_20260603_20260604,9,154,155,0
C01,2605022_20260603_20260603,2,154,155,0
C01,2603014_20260604_20260613,5,155,164,0
C01,2508021_20260604_20260610,7,155,161,0
C01,2601021_20260606_20260610,2,157,161,0
C01,2506036_20260610_20260613,5,161,164,0
C01,2505001_20260610_20260613,3,161,164,0
C02,2502023_20260108_20260131,12,8,31,0
C02,2601006_20260109_20260115,2,9,15,0
C02,2502023_20260112_20260114,1,12,14,0
C02,2505001_20260120_20260130,3,20,30,0
C02,2505001_20260121_20260130,1,21,30,0
C02,2601023_20260131_20260204,7,31,35,0
C02,2502023_20260204_20260212,3,35,43,0
C02,2505001_20260204_20260211,3,35,42,0
C02,2506036_20260204_20260211,13,35,42,0
C02,2502023_20260212_20260323,2,43,82,0
C02,2502023_20260212_20260305,4,43,64,0
C02,2508021_20260212_20260225,1,43,56,0
C02,2602009_20260212_20260220,6,43,51,0
C02,2502023_20260220_20260224,6,51,55,0
C02,2502023_20260224_20260224,1,55,56,0
C02,2502023_20260225_20260227,6,56,58,0
C02,2502023_20260305_20260323,2,64,82,0
C02,2502023_20260305_20260321,6,64,80,0
C02,2506036_20260305_20260310,8,64,69,0
C02,2408005_20260312_20260319,2,71,78,0
C02,2410054_20260316_20260318,3,75,77,0
C02,2502023_20260320_20260320,2,79,80,0
C02,2502023_20260323_20260409,3,82,99,0
C02,2502023_20260323_20260403,2,82,93,0
C02,2408005_20260323_20260323,3,82,83,0
C02,2410054_20260324_20260325,13,83,84,0
C02,2410054_20260325_20260403,11,84,93,0
C02,2408005_20260327_20260328,1,86,87,0
C02,2410054_20260402_20260403,2,92,93,0
C02,2502023_20260403_20260406,1,93,96,0
C02,2506036_20260403_20260406,1,93,96,0
C02,2502023_20260403_20260403,1,93,94,0
C02,2502023_20260404_20260406,5,94,96,0
C02,2502023_20260406_20260409,13,96,99,0
C02,2505001_20260406_20260408,2,96,98,0
C02,2508021_20260409_20260413,15,99,103,0
C02,2604008_20260410_20260413,1,100,103,0
C02,2604012_20260410_20260413,1,100,103,0
C02,2502023_20260414_20260422,6,104,112,0
C02,2505001_20260414_20260422,4,104,112,0
C02,2502023_20260415_20260417,4,105,107,0
C02,2508021_20260417_20260422,8,107,112,0
C02,2502023_20260422_20260513,1,112,133,0
C02,2408005_20260422_20260509,5,112,129,0
C02,2604013_20260422_20260423,7,112,113,0
C02,2408005_20260423_20260509,2,113,129,0
C02,2508021_20260423_20260429,6,113,119,0
C02,2508021_20260425_20260429,3,115,119,0
C02,2506036_20260429_20260506,1,119,126,0
C02,2506036_20260429_20260505,1,119,125,0
C02,2410054_20260429_20260505,1,119,125,0
C02,2410054_20260509_20260512,8,129,132,0
C02,2502023_20260511_20260512,8,131,132,0
C02,2502023_20260512_20260513,5,132,133,0
C02,2408005_20260513_20260519,4,133,139,0
C02,2410054_20260513_20260516,5,133,136,0
C02,2408005_20260513_20260514,6,133,134,0
C02,2604001_20260514_20260515,5,134,135,0
C02,2605024_20260515_20260516,1,135,136,0
C02,2605016_20260515_20260516,1,135,136,0
C02,2408005_20260518_20260519,6,138,139,0
C02,2603014_20260519_20260522,14,139,142,0
C02,2410054_20260519_20260522,6,139,142,0
C02,2505001_20260522_20260613,1,142,164,0
C02,2508021_20260522_20260527,15,142,147,0
C02,2410054_20260522_20260527,1,142,147,0
C02,2410054_20260527_20260603,1,147,154,0
C02,2508021_20260527_20260603,9,147,154,0
C02,2508021_20260528_20260603,5,148,154,0
C02,2604026_20260603_20260605,4,154,156,0
C02,2505001_20260605_20260613,5,156,164,0
C02,2410054_20260605_20260611,2,156,162,0
C02,2410054_20260605_20260609,2,156,160,0
C02,2410054_20260605_20260608,1,156,159,0
C02,2506036_20260609_20260610,1,160,161,0
C02,2506036_20260610_20260611,7,161,162,0
C02,2505001_20260611_20260613,7,162,164,0
C03,2502023_20260113_20260203,8,13,34,0
C03,2502023_20260113_20260202,3,13,33,0
C03,2508021_20260126_20260131,5,26,31,0
C03,2506036_20260204_20260227,2,35,58,0
C03,2502023_20260210_20260226,2,41,57,0
C03,2502023_20260210_20260225,1,41,56,0
C03,2502023_20260210_20260213,9,41,44,0
C03,2508021_20260213_20260225,11,44,56,0
C03,2502023_20260225_20260226,12,56,57,0
C03,2502023_20260226_20260227,9,57,58,0
C03,2502023_20260227_20260318,3,58,77,0
C03,2502023_20260228_20260318,5,59,77,0
C03,2502023_20260302_20260318,2,61,77,0
C03,2410054_20260302_20260309,1,61,68,0
C03,2602022_20260303_20260309,5,62,68,0
C03,2410054_20260313_20260318,9,72,77,0
C03,2502023_20260320_20260513,1,79,133,0
C03,2502023_20260320_20260429,7,79,119,0
C03,2502023_20260320_20260402,6,79,92,0
C03,2508021_20260320_20260401,1,79,91,0
C03,2502023_20260402_20260425,3,92,115,0
C03,2410054_20260402_20260416,2,92,106,0
C03,2506036_20260410_20260414,2,100,104,0
C03,2502023_20260416_20260418,3,106,108,0
C03,2410054_20260421_20260423,2,111,113,0
C03,2502023_20260424_20260425,6,114,115,0
C03,2603014_20260428_20260428,6,118,119,0
C03,2410054_20260430_20260509,2,120,129,0
C03,2506036_20260430_20260506,3,120,126,0
C03,2502023_20260501_20260502,2,121,122,0
C03,2604033_20260501_20260502,4,121,122,0
C03,2506036_20260504_20260505,9,124,125,0
C03,2603014_20260506_20260509,15,126,129,0
C03,2506036_20260511_20260512,7,131,132,0
C03,2508021_20260513_20260520,8,133,140,0
C03,2603014_20260513_20260519,8,133,139,0
C03,2512039_20260520_20260521,9,140,141,0
C03,2605033_20260520_20260521,7,140,141,0
C03,2603014_20260521_20260529,14,141,149,0
C03,2410054_20260521_20260525,2,141,145,0
C03,2506036_20260525_20260529,3,145,149,0
C03,2603014_20260529_20260613,4,149,164,0
C03,2508021_20260529_20260610,7,149,161,0
C03,2508021_20260530_20260610,6,150,161,0
C04,2502023_20260115_20260204,9,15,35,0
C04,2502023_20260210_20260312,1,41,71,0
C04,2502023_20260210_20260309,4,41,68,0
C04,2502023_20260210_20260305,6,41,64,0
C04,2502023_20260219_20260227,1,50,58,0
C04,2502023_20260223_20260226,2,54,57,0
C04,2601021_20260312_20260420,2,71,110,0
C04,2502023_20260312_20260330,4,71,89,0
C04,2502023_20260312_20260324,12,71,83,0
C04,2410054_20260324_20260328,9,83,87,0
C04,2603004_20260330_20260418,2,89,108,0
C04,2603014_20260330_20260409,7,89,99,0
C04,2502023_20260330_20260403,6,89,93,0
C04,2603004_20260403_20260406,2,93,96,0
C04,2603004_20260407_20260418,2,97,108,0
C04,2603004_20260409_20260413,1,99,103,0
C04,2604005_20260410_20260413,8,100,103,0
C04,2603004_20260413_20260418,3,103,108,0
C04,2603004_20260413_20260413,9,103,104,0
C04,2603004_20260414_20260418,6,104,108,0
C04,2603014_20260420_20260427,8,110,117,0
C04,2603014_20260420_20260425,12,110,115,0
C04,2603004_20260425_20260425,1,115,116,0
C04,2502023_20260427_20260514,3,117,134,0
C04,2410054_20260427_20260502,1,117,122,0
C04,2604022_20260427_20260502,3,117,122,0
C04,2604022_20260428_20260502,1,118,122,0
C04,2601021_20260429_20260502,1,119,122,0
C04,2410054_20260502_20260508,1,122,128,0
C04,2603004_20260505_20260507,14,125,127,0
C04,2603014_20260507_20260507,5,127,128,0
C04,2603004_20260507_20260507,3,127,128,0
C04,2603014_20260508_20260514,7,128,134,0
C04,2603004_20260508_20260514,2,128,134,0
C04,2601021_20260512_20260514,5,132,134,0
C04,2601021_20260514_20260530,2,134,150,0
C04,2601021_20260514_20260528,1,134,148,0
C04,2601021_20260514_20260527,3,134,147,0
C04,2502023_20260514_20260525,2,134,145,0
C04,2601021_20260514_20260522,3,134,142,0
C04,2601021_20260514_20260518,2,134,138,0
C04,2605026_20260519_20260522,1,139,142,0
C04,2601021_20260521_20260522,2,141,142,0
C04,2605022_20260522_20260522,5,142,143,0
C04,2410054_20260530_20260609,9,150,160,0
C04,2410054_20260601_20260609,7,152,160,0
C05,2506036_20260123_20260205,4,23,36,0
C05,2505001_20260206_20260303,1,37,62,0
C05,2506036_20260211_20260227,9,42,58,0
C05,2502023_20260211_20260223,4,42,54,0
C05,2410054_20260212_20260221,3,43,52,0
C05,2502023_20260223_20260227,1,54,58,0
C05,2502023_20260225_20260227,6,56,58,0
C05,2502023_20260304_20260321,10,63,80,0
C05,2502023_20260304_20260320,3,63,79,0
C05,2502023_20260304_20260319,6,63,78,0
C05,2502023_20260323_20260513,1,82,133,0
C05,2502023_20260323_20260422,5,82,112,0
C05,2502023_20260323_20260409,8,82,99,0
C05,2410054_20260323_20260325,1,82,84,0
C05,2410054_20260325_20260408,1,84,98,0
C05,2502023_20260409_20260421,6,99,111,0
C05,2508021_20260409_20260414,3,99,104,0
C05,2408005_20260422_20260509,6,112,129,0
C05,2508021_20260427_20260506,1,117,126,0
C05,2408005_20260427_20260427,2,117,118,0
C05,2505001_20260515_20260519,11,135,139,0
C05,2408005_20260515_20260519,5,135,139,0
C05,2502023_20260519_20260525,6,139,145,0
C05,2506036_20260520_20260523,2,140,143,0
C05,2410054_20260525_20260530,9,145,150,0
C05,2408005_20260525_20260528,1,145,148,0
C05,2408005_20260526_20260528,1,146,148,0
C05,2408005_20260529_20260530,4,149,150,0
C05,2508021_20260530_20260610,7,150,161,0
C05,2604026_20260602_20260604,7,153,155,0
C05,2506036_20260608_20260610,12,159,161,0
C05,2506036_20260611_20260615,6,162,166,0
C06,2601021_20260128_20260304,5,28,63,0
C06,2502023_20260211_20260226,14,42,57,0
C06,2512005_20260226_20260304,7,57,63,0
C06,2601021_20260305_20260430,2,64,120,0
C06,2602022_20260305_20260310,6,64,69,0
C06,2602022_20260306_20260310,12,65,69,0
C06,2601021_20260311_20260430,1,70,120,0
C06,2601021_20260311_20260420,4,70,110,0
C06,2502023_20260311_20260330,6,70,89,0
C06,2502023_20260312_20260326,1,71,85,0
C06,2603004_20260330_20260406,9,89,96,0
C06,2508021_20260406_20260413,5,96,103,0
C06,2603004_20260407_20260413,2,97,103,0
C06,2508021_20260421_20260428,8,111,118,0
C06,2604013_20260421_20260423,6,111,113,0
C06,2603004_20260423_20260425,5,113,115,0
C06,2508021_20260504_20260514,6,124,134,0
C06,2508021_20260504_20260513,5,124,133,0
C06,2508021_20260505_20260513,1,125,133,0
C06,2601021_20260515_20260530,7,135,150,0
C06,2601021_20260520_20260528,3,140,148,0
C06,2601021_20260521_20260527,3,141,147,0
C06,2605027_20260522_20260527,6,142,147,0
C06,2508021_20260601_20260610,12,152,161,0
C07,2601021_20260126_20260310,7,26,69,0
C07,2601021_20260127_20260225,1,27,56,0
C07,2601021_20260128_20260223,1,28,54,0
C07,2502023_20260213_20260223,1,44,54,0
C07,2502023_20260226_20260303,5,57,62,0
C07,2502023_20260303_20260310,9,62,69,0
C07,2601021_20260310_20260509,2,69,129,0
C07,2601021_20260310_20260505,6,69,125,0
C07,2502023_20260318_20260402,3,77,92,0
C07,2502023_20260319_20260402,4,78,92,0
C07,2502023_20260327_20260401,2,86,91,0
C07,2502023_20260402_20260415,10,92,105,0
C07,2502023_20260420_20260428,6,110,118,0
C07,2502023_20260421_20260425,6,111,115,0
C07,2601021_20260428_20260505,3,118,125,0
C07,2601021_20260512_20260615,2,132,166,0
C07,2601021_20260515_20260522,3,135,142,0
C07,2601021_20260515_20260518,10,135,138,0
C07,2502023_20260522_20260609,2,142,160,0
C07,2502023_20260523_20260609,4,143,160,0
C07,2502023_20260523_20260601,3,143,152,0
C07,2502023_20260523_20260528,2,143,148,0
C07,2408005_20260523_20260528,2,143,148,0
C07,2604026_20260601_20260605,5,152,156,0
C08,2601021_20260128_20260316,7,28,75,0
C08,2601021_20260128_20260310,5,28,69,0
C08,2601021_20260128_20260303,3,28,62,0
C08,2508021_20260316_20260401,7,75,91,0
C08,2508021_20260317_20260401,6,76,91,0
C08,2410054_20260323_20260331,3,82,90,0
C08,2408005_20260327_20260330,1,86,89,0
C08,2410054_20260401_20260408,6,91,98,0
C08,2410054_20260402_20260416,2,92,106,0
C08,2410054_20260402_20260408,5,92,98,0
C08,2408005_20260407_20260408,3,97,98,0
C08,2508021_20260410_20260414,12,100,104,0
C08,2601021_20260417_20260602,1,107,153,0
C08,2601021_20260417_20260527,2,107,147,0
C08,2408005_20260421_20260509,4,111,129,0
C08,2409046_20260421_20260424,1,111,114,0
C08,2410054_20260424_20260502,1,114,122,0
C08,2408005_20260504_20260507,5,124,127,0
C08,2410054_20260511_20260516,2,131,136,0
C08,2410054_20260519_20260522,7,139,142,0
C08,2605027_20260523_20260527,12,143,147,0
C08,2601021_20260603_20260612,5,154,163,0
C08,2508021_20260604_20260610,8,155,161,0
C09,2601021_20260127_20260212,5,27,43,0
C09,2408005_20260219_20260305,2,50,64,0
C09,2408005_20260220_20260305,4,51,64,0
C09,2601021_20260305_20260511,5,64,131,0
C09,2601021_20260305_20260430,2,64,120,0
C09,2601021_20260305_20260420,6,64,110,0
C09,2502023_20260305_20260403,3,64,93,0
C09,2408005_20260305_20260319,3,64,78,0
C09,2502023_20260320_20260330,1,79,89,0
C09,2502023_20260330_20260402,2,89,92,0
C09,2502023_20260403_20260413,2,93,103,0
C09,2502023_20260404_20260411,3,94,101,0
C09,2502023_20260420_20260425,5,110,115,0
C09,2502023_20260421_20260423,4,111,113,0
C09,2408005_20260501_20260507,1,121,127,0
C09,2604024_20260504_20260507,9,124,127,0
C09,2601021_20260511_20260610,1,131,161,0
C09,2601021_20260512_20260610,6,132,161,0
C09,2601021_20260512_20260602,2,132,153,0
C09,2601021_20260513_20260602,1,133,153,0
C09,2601021_20260519_20260527,1,139,147,0
C09,2601021_20260520_20260527,2,140,147,0
C10,2601021_20260126_20260225,9,26,56,0
C10,2502023_20260210_20260221,2,41,52,0
C10,2505001_20260210_20260219,6,41,50,0
C10,2502023_20260227_20260416,4,58,106,0
C10,2601021_20260304_20260411,1,63,101,0
C10,2502023_20260306_20260325,1,65,84,0
C10,2502023_20260306_20260323,2,65,82,0
C10,2505001_20260306_20260317,6,65,76,0
C10,2502023_20260325_20260411,2,84,101,0
C10,2502023_20260325_20260406,9,84,96,0
C10,2502023_20260416_20260424,3,106,114,0
C10,2505001_20260416_20260418,8,106,108,0
C10,2601021_20260428_20260515,3,118,135,0
C10,2601021_20260429_20260515,1,119,135,0
C10,2408005_20260505_20260507,4,125,127,0
C10,2410054_20260508_20260515,2,128,135,0
C10,2505001_20260508_20260511,12,128,131,0
C10,2601021_20260515_20260528,5,135,148,0
C10,2505001_20260515_20260519,11,135,139,0
C10,2601021_20260520_20260528,4,140,148,0
C10,2502023_20260522_20260528,1,142,148,0
C10,2601021_20260523_20260526,6,143,146,0
C10,2505001_20260602_20260613,1,153,164,0
C10,2410054_20260606_20260612,3,157,163,0
C10,2410054_20260608_20260612,10,159,163,0
D01,2601021_20260129_20260316,2,29,75,0
D01,2601021_20260129_20260313,3,29,72,0
D01,2506036_20260220_20260311,1,51,70,0
D01,2506036_20260224_20260311,3,55,70,0
D01,2506036_20260226_20260310,2,57,69,0
D01,2508021_20260317_20260401,7,76,91,0
D01,2603014_20260317_20260323,7,76,82,0
D01,2508021_20260325_20260401,1,84,91,0
D01,2508021_20260326_20260401,6,85,91,0
D01,2506036_20260401_20260406,3,91,96,0
D01,2603014_20260417_20260428,3,107,118,0
D01,2603014_20260417_20260425,4,107,115,0
D01,2508021_20260418_20260422,7,108,112,0
D01,2601021_20260428_20260612,1,118,163,0
D01,2601021_20260428_20260528,1,118,148,0
D01,2508021_20260501_20260506,9,121,126,0
D01,2508021_20260507_20260513,11,127,133,0
D01,2601021_20260513_20260521,5,133,141,0
D02,2502023_20260220_20260513,6,51,133,0
D02,2502023_20260226_20260422,1,57,112,0
D02,2502023_20260227_20260317,4,58,76,0
D02,2502023_20260228_20260317,4,59,76,0
D02,2502023_20260318_20260402,2,77,92,0
D02,2505001_20260319_20260330,8,78,89,0
D02,2502023_20260404_20260418,3,94,108,0
D02,2502023_20260404_20260409,8,94,99,0
D03,2601021_20260128_20260304,6,28,63,0
D03,2601021_20260304_20260609,7,63,160,0
D03,2601021_20260304_20260511,2,63,131,0
D03,2601021_20260304_20260505,2,63,125,0
D03,2601021_20260305_20260505,1,64,125,0
D03,2601021_20260310_20260320,3,69,79,0
D03,2601021_20260327_20260418,3,86,108,0
D03,2601021_20260526_20260608,1,146,159,0
D04,2601021_20260305_20260516,2,64,136,0
D04,2601021_20260305_20260508,4,64,128,0
D04,2410054_20260323_20260420,1,82,110,0
D04,2410054_20260327_20260420,5,86,110,0
D05,2502023_20260228_20260404,3,59,94,0
D05,2502023_20260309_20260320,4,68,79,0
D05,2502023_20260323_20260404,2,82,94,0
D05,2502023_20260323_20260403,2,82,93,0
D05,2502023_20260323_20260330,6,82,89,0
D05,2502023_20260404_20260511,3,94,131,0
D05,2502023_20260406_20260511,9,96,131,0
D05,2502023_20260410_20260514,1,100,134,0
D06,2601021_20260129_20260310,3,29,69,0
D06,2601021_20260311_20260602,2,70,153,0
D06,2601021_20260312_20260423,4,71,113,0
D06,2601021_20260327_20260406,6,86,96,0
D07,2601021_20260305_20260430,4,64,120,0
D07,2508021_20260306_20260324,2,65,83,0
D07,2508021_20260327_20260408,9,86,98,0
D07,2508021_20260328_20260408,2,87,98,0
D10,2601021_20260305_20260609,4,64,160,0
D10,2601021_20260327_20260527,4,86,147,0
D10,2601021_20260327_20260514,2,86,134,0
E01,2408003_20260108_20260112,1,8,12,0
E01,2512021_20260114_20260121,5,14,21,0
E01,2308002_20260114_20260115,1,14,15,0
E01,2502044_20260115_20260121,2,15,21,0
E01,2512021_20260115_20260121,3,15,21,0
E01,2510036_20260121_20260223,1,21,54,0
E01,2502044_20260121_20260128,6,21,28,0
E01,2601020_20260122_20260127,2,22,27,0
E01,2601008_20260128_20260209,11,28,40,0
E01,2502044_20260209_20260212,4,40,43,0
E01,2507036_20260209_20260212,4,40,43,0
E01,2502044_20260210_20260212,2,41,43,0
E01,2308002_20260212_20260223,6,43,54,0
E01,2512021_20260212_20260213,1,43,44,0
E01,2411039_20260212_20260212,1,43,44,0
E01,2512021_20260220_20260223,1,51,54,0
E01,2510011_20260221_20260221,1,52,53,0
E01,2512021_20260223_20260225,5,54,56,0
E01,2510036_20260223_20260223,2,54,55,0
E01,2512036_20260224_20260225,4,55,56,0
E01,2502044_20260225_20260306,5,56,65,0
E01,2602024_20260226_20260306,1,57,65,0
E01,2601009_20260226_20260228,3,57,59,0
E01,2507036_20260303_20260305,5,62,64,0
E01,2507036_20260305_20260305,1,64,65,0
E01,2507033_20260306_20260316,2,65,75,0
E01,2504042_20260306_20260311,9,65,70,0
E01,2603007_20260311_20260316,5,70,75,0
E01,2411039_20260312_20260313,1,71,72,0
E01,2411039_20260316_20260323,6,75,82,0
E01,2506044_20260316_20260323,3,75,82,0
E01,2508005_20260318_20260323,2,77,82,0
E01,2603017_20260323_20260401,2,82,91,0
E01,2502044_20260323_20260325,4,82,84,0
E01,2411039_20260323_20260324,1,82,83,0
E01,2601009_20260325_20260327,6,84,86,0
E01,2506044_20260325_20260327,2,84,86,0
E01,2506044_20260327_20260331,1,86,90,0
E01,2408003_20260328_20260331,1,87,90,0
E01,2408003_20260331_20260331,1,90,91,0
E01,2512021_20260401_20260409,1,91,99,0
E01,2506044_20260401_20260407,2,91,97,0
E01,2502044_20260401_20260406,7,91,96,0
E01,2506044_20260406_20260407,3,96,97,0
E01,2507036_20260407_20260409,4,97,99,0
E01,2512021_20260407_20260409,6,97,99,0
E01,2406047_20260409_20260410,9,99,100,0
E01,2511022_20260410_20260414,1,100,104,0
E01,2506044_20260410_20260411,2,100,101,0
E01,2604014_20260410_20260410,3,100,101,0
E01,2510011_20260413_20260414,5,103,104,0
E01,2601008_20260414_20260415,10,104,105,0
E01,2601008_20260415_20260416,11,105,106,0
E01,2504042_20260416_20260418,3,106,108,0
E01,2408003_20260417_20260418,2,107,108,0
E01,2504042_20260417_20260418,4,107,108,0
E01,2601009_20260418_20260420,6,108,110,0
E01,2504042_20260418_20260418,4,108,109,0
E01,2507036_20260420_20260423,2,110,113,0
E01,2512032_20260420_20260423,4,110,113,0
E01,2603034_20260420_20260421,3,110,111,0
E01,2603002_20260421_20260423,6,111,113,0
E01,2512021_20260423_20260424,10,113,114,0
E01,2604020_20260424_20260429,2,114,119,0
E01,2510011_20260424_20260425,7,114,115,0
E01,2510011_20260425_20260425,3,115,116,0
E01,2408003_20260427_20260429,1,117,119,0
E01,2504042_20260427_20260428,6,117,118,0
E01,2408003_20260428_20260429,6,118,119,0
E01,2601022_20260429_20260430,9,119,120,0
E01,2512021_20260430_20260502,9,120,122,0
E01,2510011_20260502_20260506,1,122,126,0
E01,2507007_20260504_20260505,4,124,125,0
E01,2601009_20260506_20260508,10,126,128,0
E01,2502044_20260508_20260509,8,128,129,0
E01,2507036_20260508_20260509,1,128,129,0
E01,2502044_20260509_20260512,4,129,132,0
E01,2502044_20260509_20260509,2,129,130,0
E01,2605017_20260512_20260516,1,132,136,0
E01,2504042_20260512_20260513,8,132,133,0
E01,2506044_20260514_20260516,7,134,136,0
E01,2506044_20260516_20260518,10,136,138,0
E01,2502044_20260519_20260520,11,139,140,0
E01,2507007_20260520_20260528,3,140,148,0
E01,2605009_20260520_20260528,6,140,148,0
E01,2604036_20260528_20260608,4,148,159,0
E01,2601022_20260528_20260530,7,148,150,0
E01,2605040_20260530_20260603,6,150,154,0
E01,2603032_20260604_20260608,6,155,159,0
E01,2601022_20260608_20260610,9,159,161,0
E01,2510011_20260610_20260615,6,161,166,0
E01,2409028_20260611_20260613,5,162,164,0
E02,2512014_20260109_20260114,1,9,14,0
E02,2512014_20260112_20260114,2,12,14,0
E02,2501026_20260115_20260124,4,15,24,0
E02,2501026_20260116_20260124,4,16,24,0
E02,2507033_20260121_20260124,2,21,24,0
E02,2601005_20260124_20260224,6,24,55,0
E02,2601005_20260124_20260207,4,24,38,0
E02,2601005_20260209_20260224,3,40,55,0
E02,2601009_20260224_20260228,8,55,59,0
E02,2512023_20260224_20260226,2,55,57,0
E02,2408003_20260226_20260227,2,57,58,0
E02,2512014_20260303_20260319,4,62,78,0
E02,2602029_20260303_20260309,5,62,68,0
E02,2512023_20260309_20260317,4,68,76,0
E02,2504042_20260309_20260311,2,68,70,0
E02,2409024_20260317_20260319,7,76,78,0
E02,2506044_20260319_20260407,3,78,97,0
E02,2506044_20260319_20260327,4,78,86,0
E02,2512023_20260323_20260327,2,82,86,0
E02,2510036_20260327_20260402,4,86,92,0
E02,2510036_20260331_20260402,4,90,92,0
E02,2603029_20260402_20260403,7,92,93,0
E02,2604009_20260403_20260407,1,93,97,0
E02,2603029_20260403_20260403,4,93,94,0
E02,2410049_20260404_20260404,1,94,95,0
E02,2306087_20260407_20260420,2,97,110,0
E02,2512023_20260407_20260408,4,97,98,0
E02,2603032_20260407_20260407,5,97,98,0
E02,2603029_20260408_20260415,4,98,105,0
E02,2501026_20260408_20260409,4,98,99,0
E02,2504035_20260409_20260415,1,99,105,0
E02,2604014_20260409_20260410,2,99,100,0
E02,2603029_20260410_20260415,2,100,105,0
E02,2504035_20260415_20260415,1,105,106,0
E02,2512023_20260415_20260416,6,105,106,0
E02,2601025_20260416_20260418,1,106,108,0
E02,2408003_20260420_20260424,2,110,114,0
E02,2603024_20260420_20260420,1,110,111,0
E02,2410049_20260420_20260421,1,110,111,0
E02,2408003_20260421_20260424,1,111,114,0
E02,2507036_20260421_20260423,2,111,113,0
E02,2507036_20260421_20260422,3,111,112,0
E02,2410049_20260421_20260421,1,111,112,0
E02,2507036_20260422_20260423,2,112,113,0
E02,2501026_20260424_20260509,4,114,129,0
E02,2510011_20260424_20260425,6,114,115,0
E02,2504042_20260425_20260428,5,115,118,0
E02,2512023_20260428_20260430,1,118,120,0
E02,2408003_20260428_20260430,1,118,120,0
E02,2408003_20260429_20260430,1,119,120,0
E02,2408003_20260429_20260429,2,119,120,0
E02,2410049_20260430_20260508,8,120,128,0
E02,2410049_20260508_20260509,5,128,129,0
E02,2410049_20260509_20260509,1,129,130,0
E02,2512023_20260512_20260514,2,132,134,0
E02,2604014_20260512_20260513,4,132,133,0
E02,2605019_20260515_20260527,2,135,147,0
E02,2510011_20260515_20260516,3,135,136,0
E02,2506044_20260515_20260516,5,135,136,0
E02,2605015_20260518_20260527,4,138,147,0
E02,2605023_20260519_20260526,4,139,146,0
E02,2504042_20260527_20260530,7,147,150,0
E02,2605019_20260528_20260529,1,148,149,0
E02,2501026_20260530_20260610,2,150,161,0
E02,2512048_20260530_20260609,3,150,160,0
E02,2504042_20260530_20260608,5,150,159,0
E02,2604014_20260611_20260612,4,162,163,0
E02,2604014_20260611_20260611,7,162,163,0
E02,2510011_20260612_20260615,12,163,166,0
E03,2408003_20260113_20260202,5,13,33,0
E03,2408003_20260113_20260129,7,13,29,0
E03,2508045_20260115_20260121,7,15,21,0
E03,2510035_20260115_20260119,5,15,19,0
E03,2510035_20260120_20260121,1,20,21,0
E03,2512021_20260120_20260121,2,20,21,0
E03,2601012_20260121_20260127,3,21,27,0
E03,2601015_20260121_20260124,4,21,24,0
E03,2507036_20260121_20260122,6,21,22,0
E03,2411040_20260124_20260126,1,24,26,0
E03,2512023_20260126_20260127,8,26,27,0
E03,2510011_20260127_20260129,7,27,29,0
E03,2512023_20260127_20260127,9,27,28,0
E03,2507036_20260128_20260129,8,28,29,0
E03,2508005_20260129_20260202,6,29,33,0
E03,2504035_20260129_20260130,3,29,30,0
E03,2601029_20260202_20260307,4,33,66,0
E03,2408003_20260202_20260223,2,33,54,0
E03,2512021_20260202_20260223,5,33,54,0
E03,2601022_20260202_20260213,4,33,44,0
E03,2410049_20260202_20260212,1,33,43,0
E03,2512021_20260202_20260211,2,33,42,0
E03,2509016_20260202_20260210,8,33,41,0
E03,2510011_20260220_20260221,13,51,52,0
E03,2504035_20260223_20260225,1,54,56,0
E03,2512036_20260223_20260225,14,54,56,0
E03,2512036_20260224_20260225,4,55,56,0
E03,2511027_20260225_20260226,8,56,57,0
E03,2512023_20260225_20260226,13,56,57,0
E03,2510023_20260226_20260307,2,57,66,0
E03,2411040_20260226_20260307,1,57,66,0
E03,2602026_20260226_20260303,1,57,62,0
E03,2512021_20260303_20260305,9,62,64,0
E03,2512021_20260304_20260305,6,63,64,0
E03,2512023_20260305_20260307,14,64,66,0
E03,2512021_20260309_20260314,6,68,73,0
E03,2507036_20260309_20260314,9,68,73,0
E03,2512021_20260310_20260314,2,69,73,0
E03,2507036_20260311_20260314,1,70,73,0
E03,2501026_20260316_20260331,4,75,90,0
E03,2601009_20260316_20260327,3,75,86,0
E03,2601009_20260317_20260327,3,76,86,0
E03,2506044_20260317_20260327,5,76,86,0
E03,2507036_20260317_20260323,1,76,82,0
E03,2506044_20260317_20260323,2,76,82,0
E03,2501026_20260317_20260319,3,76,78,0
E03,2508005_20260318_20260319,6,77,78,0
E03,2508005_20260319_20260323,8,78,82,0
E03,2508005_20260319_20260319,1,78,79,0
E03,2512023_20260324_20260327,3,83,86,0
E03,2507036_20260324_20260326,7,83,85,0
E03,2507036_20260325_20260326,2,84,85,0
E03,2411040_20260327_20260331,1,86,90,0
E03,2512021_20260327_20260328,11,86,87,0
E03,2603024_20260331_20260420,1,90,110,0
E03,2603026_20260331_20260410,2,90,100,0
E03,2510011_20260331_20260404,5,90,94,0
E03,2603029_20260331_20260403,10,90,93,0
E03,2603029_20260402_20260403,6,92,93,0
E03,2601008_20260403_20260404,15,93,94,0
E03,2406047_20260404_20260410,3,94,100,0
E03,2510035_20260406_20260410,6,96,100,0
E03,2512021_20260406_20260409,1,96,99,0
E03,2501026_20260406_20260409,2,96,99,0
E03,2512023_20260406_20260408,7,96,98,0
E03,2601022_20260408_20260409,3,98,99,0
E03,2512021_20260408_20260409,2,98,99,0
E03,2505058_20260411_20260414,1,101,104,0
E03,2603029_20260411_20260413,2,101,103,0
E03,2505058_20260413_20260414,12,103,104,0
E03,2408003_20260414_20260418,5,104,108,0
E03,2507036_20260414_20260418,8,104,108,0
E03,2510011_20260414_20260414,1,104,105,0
E03,2505058_20260414_20260414,5,104,105,0
E03,2502044_20260415_20260417,13,105,107,0
E03,2601029_20260418_20260420,1,108,110,0
E03,2505058_20260418_20260420,4,108,110,0
E03,2604015_20260420_20260502,5,110,122,0
E03,2601022_20260420_20260422,1,110,112,0
E03,2411040_20260420_20260420,1,110,111,0
E03,2505058_20260421_20260421,7,111,112,0
E03,2411040_20260422_20260427,7,112,117,0
E03,2601022_20260422_20260422,5,112,113,0
E03,2411040_20260423_20260427,6,113,117,0
E03,2603029_20260423_20260425,1,113,115,0
E03,2512023_20260427_20260427,8,117,118,0
E03,2601015_20260428_20260430,3,118,120,0
E03,2601015_20260429_20260430,17,119,120,0
E03,2510036_20260430_20260502,1,120,122,0
E03,2604014_20260430_20260430,4,120,121,0
E03,2510036_20260501_20260502,3,121,122,0
E03,2506044_20260502_20260514,1,122,134,0
E03,2506044_20260504_20260514,3,124,134,0
E03,2510011_20260504_20260506,1,124,126,0
E03,2603032_20260504_20260505,12,124,125,0
E03,2603032_20260505_20260505,10,125,126,0
E03,2510011_20260505_20260506,1,125,126,0
E03,2512021_20260506_20260507,1,126,127,0
E03,2601015_20260507_20260508,9,127,128,0
E03,2512023_20260508_20260514,6,128,134,0
E03,2410049_20260509_20260511,15,129,131,0
E03,2406047_20260514_20260601,4,134,152,0
E03,2507036_20260514_20260519,11,134,139,0
E03,2505058_20260514_20260515,3,134,135,0
E03,2604007_20260518_20260519,13,138,139,0
E03,2510036_20260519_20260601,4,139,152,0
E03,2410049_20260519_20260526,2,139,146,0
E03,2601022_20260519_20260521,5,139,141,0
E03,2505058_20260519_20260519,1,139,140,0
E03,2601022_20260520_20260521,5,140,141,0
E03,2510035_20260520_20260521,2,140,141,0
E03,2507036_20260521_20260526,9,141,146,0
E03,2410049_20260521_20260526,5,141,146,0
E03,2510011_20260522_20260525,2,142,145,0
E03,2502044_20260526_20260527,2,146,147,0
E03,2510036_20260527_20260601,1,147,152,0
E03,2510036_20260528_20260601,2,148,152,0
E03,2604014_20260529_20260601,5,149,152,0
E03,2601022_20260529_20260530,3,149,150,0
E03,2510036_20260530_20260601,1,150,152,0
E03,2605021_20260601_20260611,14,152,162,0
E03,2512023_20260601_20260609,1,152,160,0
E03,2512032_20260601_20260603,3,152,154,0
E03,2512032_20260602_20260603,1,153,154,0
E03,2601009_20260603_20260609,1,154,160,0
E03,2603032_20260603_20260608,9,154,159,0
E03,2601022_20260609_20260611,9,160,162,0
E04,2308002_20260115_20260115,1,15,16,0
E04,2512021_20260121_20260213,8,21,44,0
E04,2601017_20260121_20260129,3,21,29,0
E04,2502044_20260121_20260128,6,21,28,0
E04,2411040_20260121_20260126,3,21,26,0
E04,2508048_20260126_20260127,1,26,27,0
E04,2508045_20260129_20260212,13,29,43,0
E04,2411040_20260129_20260210,2,29,41,0
E04,2411040_20260129_20260206,2,29,37,0
E04,2411040_20260206_20260210,2,37,41,0
E04,2308002_20260213_20260325,3,44,84,0
E04,2308002_20260219_20260325,1,50,84,0
E04,2602010_20260219_20260224,1,50,55,0
E04,2506027_20260219_20260224,3,50,55,0
E04,2508048_20260219_20260223,2,50,54,0
E04,2508048_20260220_20260223,1,51,54,0
E04,2510011_20260220_20260221,13,51,52,0
E04,2411040_20260224_20260307,1,55,66,0
E04,2502044_20260224_20260306,7,55,65,0
E04,2512021_20260225_20260304,4,56,63,0
E04,2406047_20260225_20260227,5,56,58,0
E04,2406047_20260226_20260227,1,57,58,0
E04,2509026_20260227_20260304,1,58,63,0
E04,2512023_20260309_20260321,1,68,80,0
E04,2506027_20260309_20260310,2,68,69,0
E04,2512023_20260311_20260321,2,70,80,0
E04,2512023_20260311_20260316,5,70,75,0
E04,2508048_20260313_20260320,1,72,79,0
E04,2508048_20260313_20260316,1,72,75,0
E04,2508048_20260316_20260320,4,75,79,0
E04,2501026_20260316_20260319,4,75,78,0
E04,2603030_20260325_20260404,5,84,94,0
E04,2601009_20260325_20260327,7,84,86,0
E04,2601009_20260325_20260326,11,84,85,0
E04,2512023_20260330_20260402,11,89,92,0
E04,2601008_20260402_20260403,23,92,93,0
E04,2601008_20260403_20260404,16,93,94,0
E04,2603029_20260406_20260415,2,96,105,0
E04,2603029_20260406_20260413,3,96,103,0
E04,2411040_20260407_20260413,2,97,103,0
E04,2411040_20260408_20260413,1,98,103,0
E04,2603029_20260408_20260413,7,98,103,0
E04,2406047_20260408_20260410,3,98,100,0
E04,2601008_20260413_20260415,18,103,105,0
E04,2601022_20260415_20260422,2,105,112,0
E04,2601008_20260415_20260416,15,105,106,0
E04,2512023_20260415_20260416,6,105,106,0
E04,2508048_20260415_20260416,4,105,106,0
E04,2601022_20260417_20260422,4,107,112,0
E04,2603034_20260417_20260421,16,107,111,0
E04,2411040_20260417_20260420,1,107,110,0
E04,2506027_20260423_20260423,2,113,114,0
E04,2512023_20260424_20260427,1,114,117,0
E04,2411040_20260427_20260511,5,117,131,0
E04,2411040_20260428_20260511,2,118,131,0
E04,2603034_20260428_20260504,16,118,124,0
E04,2601009_20260505_20260508,1,125,128,0
E04,2506027_20260513_20260518,2,133,138,0
E04,2506027_20260515_20260518,1,135,138,0
E04,2509026_20260518_20260521,2,138,141,0
E04,2605008_20260521_20260606,1,141,157,0
E04,2605020_20260521_20260604,1,141,155,0
E04,2605008_20260521_20260530,3,141,150,0
E04,2512023_20260521_20260528,1,141,148,0
E04,2601009_20260521_20260528,7,141,148,0
E04,2605009_20260521_20260528,2,141,148,0
E04,2510011_20260521_20260525,3,141,145,0
E04,2510011_20260522_20260525,7,142,145,0
E04,2501026_20260530_20260604,3,150,155,0
E04,2603032_20260530_20260603,1,150,154,0
E04,2603029_20260606_20260612,1,157,163,0
E04,2502044_20260606_20260612,7,157,163,0
E04,2306079_20260606_20260611,3,157,162,0
E04,2601022_20260606_20260610,2,157,161,0
E04,2605035_20260606_20260608,9,157,159,0
E05,2510035_20260114_20260119,10,14,19,0
E05,2501026_20260119_20260124,10,19,24,0
E05,2507036_20260119_20260122,1,19,22,0
E05,2507036_20260120_20260122,6,20,22,0
E05,2408003_20260121_20260122,1,21,22,0
E05,2512027_20260126_20260131,7,26,31,0
E05,2510011_20260126_20260131,3,26,31,0
E05,2409024_20260126_20260130,6,26,30,0
E05,2510011_20260126_20260129,4,26,29,0
E05,2408003_20260127_20260129,1,27,29,0
E05,2512021_20260131_20260223,2,31,54,0
E05,2501026_20260131_20260212,1,31,43,0
E05,2508005_20260202_20260210,4,33,41,0
E05,2512023_20260203_20260210,3,34,41,0
E05,2509016_20260203_20260210,4,34,41,0
E05,2512023_20260203_20260204,2,34,35,0
E05,2510011_20260204_20260204,2,35,36,0
E05,2512023_20260204_20260204,2,35,36,0
E05,2509016_20260205_20260210,1,36,41,0
E05,2509014_20260205_20260206,12,36,37,0
E05,2602001_20260206_20260210,1,37,41,0
E05,2601014_20260224_20260427,7,55,117,0
E05,2601014_20260224_20260404,4,55,94,0
E05,2507036_20260224_20260305,3,55,64,0
E05,2511027_20260224_20260226,1,55,57,0
E05,2507036_20260224_20260226,2,55,57,0
E05,2512021_20260302_20260305,4,61,64,0
E05,2512021_20260303_20260305,9,62,64,0
E05,2512014_20260305_20260319,4,64,78,0
E05,2512021_20260305_20260310,3,64,69,0
E05,2504035_20260305_20260309,4,64,68,0
E05,2512023_20260310_20260316,10,69,75,0
E05,2507036_20260320_20260323,7,79,82,0
E05,2508005_20260320_20260323,4,79,82,0
E05,2601029_20260323_20260404,4,82,94,0
E05,2601029_20260324_20260404,2,83,94,0
E05,2512023_20260324_20260402,2,83,92,0
E05,2512021_20260326_20260328,3,85,87,0
E05,2412044_20260406_20260425,1,96,115,0
E05,2408003_20260406_20260424,4,96,114,0
E05,2512021_20260407_20260424,3,97,114,0
E05,2510035_20260407_20260422,5,97,112,0
E05,2512032_20260409_20260414,6,99,104,0
E05,2601009_20260417_20260420,5,107,110,0
E05,2408003_20260428_20260602,1,118,153,0
E05,2408003_20260428_20260515,2,118,135,0
E05,2408003_20260429_20260602,2,119,153,0
E05,2408003_20260429_20260515,4,119,135,0
E05,2410049_20260429_20260509,8,119,129,0
E05,2604025_20260429_20260507,2,119,127,0
E05,2510011_20260430_20260506,4,120,126,0
E05,2512032_20260501_20260506,2,121,126,0
E05,2412044_20260506_20260507,2,126,127,0
E05,2604007_20260515_20260519,1,135,139,0
E05,2604007_20260516_20260519,8,136,139,0
E05,2605001_20260520_20260528,3,140,148,0
E05,2410049_20260520_20260526,14,140,146,0
E05,2604037_20260522_20260526,3,142,146,0
E05,2604007_20260522_20260522,2,142,143,0
E05,2604007_20260602_20260612,22,153,163,0
E05,2605021_20260602_20260611,5,153,162,0
E06,2601017_20260120_20260129,1,20,29,0
E06,2601019_20260123_20260129,4,23,29,0
E06,2412044_20260124_20260128,3,24,28,0
E06,2412044_20260126_20260128,4,26,28,0
E06,2601008_20260129_20260304,5,29,63,0
E06,2601008_20260130_20260304,9,30,63,0
E06,2601026_20260130_20260203,1,30,34,0
E06,2510035_20260203_20260224,1,34,55,0
E06,2501026_20260203_20260212,13,34,43,0
E06,2506027_20260212_20260224,3,43,55,0
E06,2510035_20260220_20260224,1,51,55,0
E06,2411040_20260224_20260302,2,55,61,0
E06,2512023_20260306_20260321,1,65,80,0
E06,2411040_20260306_20260321,3,65,80,0
E06,2509016_20260306_20260320,1,65,79,0
E06,2512014_20260306_20260319,6,65,78,0
E06,2501026_20260306_20260319,2,65,78,0
E06,2411040_20260306_20260317,2,65,76,0
E06,2512023_20260306_20260317,1,65,76,0
E06,2411040_20260306_20260312,3,65,71,0
E06,2603019_20260323_20260409,7,82,99,0
E06,2512023_20260323_20260406,14,82,96,0
E06,2512023_20260324_20260406,3,83,96,0
E06,2604002_20260409_20260413,3,99,103,0
E06,2412044_20260414_20260507,2,104,127,0
E06,2506044_20260414_20260428,2,104,118,0
E06,2512014_20260414_20260420,1,104,110,0
E06,2411040_20260416_20260420,9,106,110,0
E06,2506044_20260421_20260428,1,111,118,0
E06,2510035_20260509_20260612,1,129,163,0
E06,2510035_20260514_20260612,3,134,163,0
E06,2605019_20260518_20260527,2,138,147,0
E06,2605038_20260521_20260526,1,141,146,0
E06,2507036_20260521_20260526,5,141,146,0
E06,2410049_20260522_20260526,8,142,146,0
E06,2506027_20260529_20260601,5,149,152,0
E06,2605034_20260601_20260612,10,152,163,0
E06,2605034_20260602_20260612,2,153,163,0
E06,2604007_20260603_20260612,8,154,163,0
E06,2604007_20260604_20260612,1,155,163,0
E07,2512021_20260122_20260213,2,22,44,0
E07,2412044_20260122_20260128,1,22,28,0
E07,2505058_20260122_20260127,5,22,27,0
E07,2412044_20260124_20260126,2,24,26,0
E07,2601008_20260128_20260211,11,28,42,0
E07,2601008_20260129_20260211,9,29,42,0
E07,2512021_20260130_20260211,4,30,42,0
E07,2411040_20260219_20260302,1,50,61,0
E07,2507036_20260219_20260226,4,50,57,0
E07,2507036_20260220_20260226,3,51,57,0
E07,2502044_20260227_20260520,1,58,140,0
E07,2512014_20260304_20260319,4,63,78,0
E07,2512021_20260304_20260310,11,63,69,0
E07,2512023_20260304_20260309,8,63,68,0
E07,2501026_20260310_20260319,1,69,78,0
E07,2512023_20260310_20260317,4,69,76,0
E07,2512023_20260311_20260317,7,70,76,0
E07,2603023_20260319_20260401,1,78,91,0
E07,2506044_20260319_20260331,2,78,90,0
E07,2412044_20260319_20260330,4,78,89,0
E07,2505058_20260319_20260328,5,78,87,0
E07,2505058_20260326_20260328,6,85,87,0
E07,2507036_20260401_20260409,2,91,99,0
E07,2501026_20260401_20260409,3,91,99,0
E07,2411040_20260401_20260407,2,91,97,0
E07,2502044_20260401_20260406,12,91,96,0
E07,2505058_20260409_20260414,1,99,104,0
E07,2505058_20260414_20260421,2,104,111,0
E07,2601008_20260414_20260415,11,104,105,0
E07,2502044_20260501_20260520,1,121,140,0
E07,2506044_20260505_20260514,8,125,134,0
E07,2505058_20260518_20260519,11,138,139,0
E07,2506044_20260521_20260525,4,141,145,0
E07,2603029_20260525_20260612,13,145,163,0
E07,2605029_20260525_20260609,1,145,160,0
E07,2507007_20260526_20260606,8,146,157,0
E08,2411039_20260120_20260306,1,20,65,0
E08,2510011_20260120_20260204,7,20,35,0
E08,2512027_20260121_20260131,1,21,31,0
E08,2601005_20260123_20260131,7,23,31,0
E08,2411039_20260123_20260129,5,23,29,0
E08,2411039_20260126_20260129,7,26,29,0
E08,2506027_20260131_20260204,3,31,35,0
E08,2510035_20260204_20260224,5,35,55,0
E08,2507036_20260204_20260212,4,35,43,0
E08,2412044_20260206_20260212,5,37,43,0
E08,2502044_20260206_20260212,6,37,43,0
E08,2601015_20260206_20260211,5,37,42,0
E08,2508048_20260212_20260223,4,43,54,0
E08,2411039_20260303_20260305,3,62,64,0
E08,2510011_20260306_20260415,1,65,105,0
E08,2506044_20260306_20260411,1,65,101,0
E08,2506027_20260306_20260310,4,65,69,0
E08,2411039_20260311_20260324,1,70,83,0
E08,2412044_20260312_20260324,2,71,83,0
E08,2412044_20260312_20260320,4,71,79,0
E08,2504042_20260312_20260318,5,71,77,0
E08,2506044_20260312_20260318,5,71,77,0
E08,2412044_20260320_20260324,1,79,83,0
E08,2603019_20260324_20260409,3,83,99,0
E08,2512023_20260324_20260408,1,83,98,0
E08,2505058_20260326_20260330,1,85,89,0
E08,2506027_20260330_20260408,1,89,98,0
E08,2512014_20260331_20260408,2,90,98,0
E08,2508048_20260401_20260408,3,91,98,0
E08,2506027_20260401_20260408,1,91,98,0
E08,2512014_20260401_20260408,4,91,98,0
E08,2508048_20260401_20260407,1,91,97,0
E08,2508048_20260402_20260407,2,92,97,0
E08,2505058_20260403_20260407,1,93,97,0
E08,2601022_20260416_20260422,1,106,112,0
E08,2601022_20260418_20260422,3,108,112,0
E08,2504042_20260424_20260428,1,114,118,0
E08,2604034_20260504_20260613,3,124,164,0
E08,2506044_20260504_20260604,2,124,155,0
E08,2506044_20260506_20260604,8,126,155,0
E08,2604036_20260508_20260523,4,128,143,0
E08,2507036_20260508_20260519,2,128,139,0
E08,2604036_20260520_20260523,2,140,143,0
E08,2604036_20260521_20260523,2,141,143,0
E08,2505058_20260525_20260602,11,145,153,0
E08,2601022_20260604_20260610,1,155,161,0
E08,2604036_20260604_20260608,3,155,159,0
E08,2604036_20260605_20260608,3,156,159,0
E09,2601005_20260114_20260131,9,14,31,0
E09,2510011_20260119_20260131,7,19,31,0
E09,2512053_20260120_20260130,1,20,30,0
E09,2601015_20260120_20260124,6,20,24,0
E09,2505058_20260124_20260127,4,24,27,0
E09,2512048_20260127_20260129,1,27,29,0
E09,2411039_20260128_20260129,3,28,29,0
E09,2505058_20260203_20260509,1,34,129,0
E09,2505058_20260203_20260330,2,34,89,0
E09,2505058_20260203_20260204,1,34,35,0
E09,2505058_20260205_20260420,2,36,110,0
E09,2411039_20260205_20260313,4,36,72,0
E09,2505058_20260205_20260303,5,36,62,0
E09,2509028_20260205_20260225,6,36,56,0
E09,2512021_20260205_20260211,6,36,42,0
E09,2601005_20260211_20260224,5,42,55,0
E09,2601015_20260303_20260313,3,62,72,0
E09,2602023_20260303_20260311,2,62,70,0
E09,2512021_20260303_20260310,4,62,69,0
E09,2508048_20260313_20260327,4,72,86,0
E09,2508048_20260313_20260326,4,72,85,0
E09,2411039_20260313_20260324,1,72,83,0
E09,2601015_20260313_20260323,11,72,82,0
E09,2603031_20260401_20260418,2,91,108,0
E09,2509028_20260401_20260417,4,91,107,0
E09,2603026_20260401_20260410,1,91,100,0
E09,2601008_20260401_20260403,7,91,93,0
E09,2601008_20260403_20260410,4,93,100,0
E09,2406047_20260403_20260410,7,93,100,0
E09,2504042_20260403_20260409,4,93,99,0
E09,2508048_20260415_20260417,1,105,107,0
E09,2601008_20260415_20260415,1,105,106,0
E09,2508048_20260417_20260417,2,107,108,0
E09,2411039_20260420_20260424,1,110,114,0
E09,2505058_20260424_20260509,2,114,129,0
E09,2507036_20260501_20260509,5,121,129,0
E09,2507036_20260504_20260509,9,124,129,0
E09,2505058_20260505_20260509,3,125,129,0
E09,2504042_20260515_20260523,4,135,143,0
E09,2504042_20260516_20260523,6,136,143,0
E09,2505058_20260523_20260602,11,143,153,0
E09,2504042_20260523_20260530,2,143,150,0
E09,2504042_20260525_20260530,2,145,150,0
E09,2512048_20260602_20260609,1,153,160,0
E09,2604018_20260604_20260609,2,155,160,0
E09,2604018_20260605_20260609,3,156,160,0
E09,2606012_20260610_20260615,1,161,166,0
E09,2606008_20260610_20260615,1,161,166,0
E09,2510011_20260610_20260615,6,161,166,0
E10,2510011_20260119_20260204,2,19,35,0
E10,2504050_20260119_20260122,1,19,22,0
E10,2504050_20260120_20260122,7,20,22,0
E10,2504050_20260121_20260122,1,21,22,0
E10,2505058_20260122_20260204,2,22,35,0
E10,2505058_20260123_20260204,8,23,35,0
E10,2505058_20260124_20260204,4,24,35,0
E10,2512021_20260126_20260203,1,26,34,0
E10,2506027_20260129_20260204,1,29,35,0
E10,2510034_20260129_20260203,2,29,34,0
E10,2510034_20260130_20260203,3,30,34,0
E10,2601014_20260204_20260302,4,35,61,0
E10,2601014_20260204_20260228,4,35,59,0
E10,2512021_20260205_20260228,2,36,59,0
E10,2601014_20260205_20260228,10,36,59,0
E10,2512021_20260205_20260225,2,36,56,0
E10,2602002_20260205_20260220,3,36,51,0
E10,2512027_20260303_20260307,1,62,66,0
E10,2411039_20260309_20260410,5,68,100,0
E10,2411039_20260309_20260325,1,68,84,0
E10,2411039_20260310_20260324,7,69,83,0
E10,2411039_20260310_20260323,7,69,82,0
E10,2506044_20260311_20260318,6,70,77,0
E10,2504042_20260316_20260318,1,75,77,0
E10,2510034_20260325_20260327,1,84,86,0
E10,2504042_20260327_20260409,3,86,99,0
E10,2505058_20260327_20260407,3,86,97,0
E10,2410049_20260327_20260404,2,86,94,0
E10,2512021_20260401_20260404,9,91,94,0
E10,2506044_20260410_20260428,1,100,118,0
E10,2506044_20260413_20260428,6,103,118,0
E10,2505058_20260413_20260421,4,103,111,0
E10,2410049_20260413_20260421,1,103,111,0
E10,2408003_20260413_20260418,2,103,108,0
E10,2505058_20260418_20260421,1,108,111,0
E10,2507007_20260420_20260421,1,110,111,0
E10,2504042_20260421_20260428,4,111,118,0
E10,2507007_20260421_20260423,4,111,113,0
E10,2507007_20260421_20260421,1,111,112,0
E10,2408003_20260428_20260609,1,118,160,0
E10,2507007_20260429_20260515,3,119,135,0
E10,2408003_20260429_20260514,3,119,134,0
E10,2506044_20260429_20260514,2,119,134,0
E10,2504042_20260430_20260513,5,120,133,0
E10,2510011_20260501_20260506,7,121,126,0
E10,2410049_20260508_20260511,1,128,131,0
E10,2605008_20260519_20260606,2,139,157,0
E10,2605008_20260519_20260530,2,139,150,0
E10,2506044_20260519_20260525,2,139,145,0
E10,2504042_20260526_20260530,2,146,150,0
E10,2510011_20260611_20260615,1,162,166,0
F01,2507007_20260120_20260228,2,20,59,0
F01,2507007_20260121_20260228,2,21,59,0
F01,2512014_20260121_20260221,1,21,52,0
F01,2512014_20260122_20260221,2,22,52,0
F01,2412044_20260122_20260212,1,22,43,0
F01,2512014_20260122_20260212,2,22,43,0
F01,2601009_20260122_20260202,12,22,33,0
F01,2512002_20260126_20260130,6,26,30,0
F01,2507036_20260203_20260212,2,34,43,0
F01,2602004_20260206_20260211,2,37,42,0
F01,2601015_20260206_20260211,9,37,42,0
F01,2506044_20260206_20260207,1,37,38,0
F01,2601009_20260223_20260228,1,54,59,0
F01,2601015_20260304_20260313,8,63,72,0
F01,2504042_20260304_20260311,3,63,70,0
F01,2512023_20260304_20260307,3,63,66,0
F01,2602017_20260316_20260509,1,75,129,0
F01,2603013_20260317_20260414,17,76,104,0
F01,2506044_20260320_20260407,4,79,97,0
F01,2512023_20260320_20260406,3,79,96,0
F01,2506044_20260407_20260411,1,97,101,0
F01,2512023_20260522_20260528,4,142,148,0
F01,2601009_20260523_20260528,3,143,148,0
F01,2605038_20260529_20260611,1,149,162,0
F01,2605035_20260529_20260608,6,149,159,0
F01,2504042_20260530_20260608,5,150,159,0
F01,2504042_20260601_20260608,2,152,159,0
F01,2605035_20260605_20260608,1,156,159,0
F02,2601005_20260126_20260224,3,26,55,0
F02,2601005_20260128_20260224,1,28,55,0
F02,2408003_20260128_20260223,1,28,54,0
F02,2601008_20260128_20260209,11,28,40,0
F02,2506044_20260130_20260207,7,30,38,0
F02,2504050_20260130_20260205,1,30,36,0
F02,2406047_20260130_20260204,1,30,35,0
F02,2508048_20260211_20260223,2,42,54,0
F02,2601014_20260224_20260401,1,55,91,0
F02,2601014_20260225_20260401,15,56,91,0
F02,2601014_20260226_20260316,5,57,75,0
F02,2508048_20260226_20260316,3,57,75,0
F02,2506044_20260316_20260327,2,75,86,0
F02,2506044_20260316_20260323,2,75,82,0
F02,2408003_20260401_20260430,1,91,120,0
F02,2408003_20260401_20260414,1,91,104,0
F02,2408003_20260407_20260414,1,97,104,0
F02,2408003_20260408_20260414,1,98,104,0
F02,2408003_20260409_20260414,1,99,104,0
F02,2408003_20260414_20260424,1,104,114,0
F02,2408003_20260424_20260430,1,114,120,0
F02,2502044_20260502_20260509,1,122,129,0
F02,2410049_20260522_20260526,8,142,146,0
F02,2605034_20260530_20260612,1,150,163,0
F02,2506044_20260603_20260612,2,154,163,0
F02,2506044_20260605_20260612,4,156,163,0
F02,2502044_20260605_20260612,8,156,163,0
F03,2408003_20260109_20260320,2,9,79,0
F03,2408003_20260112_20260320,2,12,79,0
F03,2408003_20260119_20260202,2,19,33,0
F03,2408003_20260119_20260129,2,19,29,0
F03,2510035_20260204_20260319,8,35,78,0
F03,2510035_20260205_20260319,1,36,78,0
F03,2510035_20260205_20260307,1,36,66,0
F03,2601029_20260205_20260307,1,36,66,0
F03,2601029_20260211_20260307,1,42,66,0
F03,2512002_20260211_20260226,1,42,57,0
F03,2601029_20260323_20260420,6,82,110,0
F03,2306087_20260330_20260420,1,89,110,0
F03,2408003_20260330_20260414,2,89,104,0
F03,2603022_20260330_20260411,10,89,101,0
F03,2504042_20260330_20260409,3,89,99,0
F03,2504042_20260402_20260409,1,92,99,0
F03,2504042_20260403_20260409,4,93,99,0
F03,2408003_20260427_20260514,2,117,134,0
F03,2408003_20260428_20260514,2,118,134,0
F03,2512002_20260502_20260505,1,122,125,0
F03,2510035_20260519_20260612,2,139,163,0
F03,2604007_20260522_20260612,1,142,163,0
F03,2604007_20260523_20260612,1,143,163,0
F03,2510035_20260523_20260612,1,143,163,0
F03,2510035_20260523_20260610,2,143,161,0
F04,2411039_20260121_20260212,2,21,43,0
F04,2501026_20260127_20260212,3,27,43,0
F04,2411039_20260128_20260209,8,28,40,0
F04,2509014_20260130_20260206,2,30,37,0
F04,2506027_20260131_20260206,2,31,37,0
F04,2602007_20260226_20260313,1,57,72,0
F04,2602020_20260226_20260312,3,57,71,0
F04,2601015_20260313_20260403,9,72,93,0
F04,2501026_20260317_20260331,2,76,90,0
F04,2506044_20260320_20260331,2,79,90,0
F04,2501026_20260417_20260509,1,107,129,0
F04,2501026_20260422_20260509,2,112,129,0
F04,2603029_20260526_20260612,14,146,163,0
F04,2603029_20260527_20260612,1,147,163,0
F04,2501026_20260528_20260610,1,148,161,0
F05,2506027_20260120_20260204,2,20,35,0
F05,2506027_20260130_20260204,1,30,35,0
F05,2505058_20260205_20260207,3,36,38,0
F05,2308002_20260212_20260325,1,43,84,0
F05,2510035_20260212_20260319,2,43,78,0
F05,2308002_20260212_20260317,3,43,76,0
F05,2308002_20260213_20260317,2,44,76,0
F05,2510035_20260219_20260307,1,50,66,0
F05,2410049_20260327_20260511,3,86,131,0
F05,2410049_20260327_20260509,4,86,129,0
F05,2506027_20260328_20260408,4,87,98,0
F05,2505058_20260328_20260407,5,87,97,0
F05,2508048_20260331_20260407,2,90,97,0
F05,2412044_20260409_20260425,1,99,115,0
F06,2601005_20260123_20260207,3,23,38,0
F06,2601005_20260126_20260207,1,26,38,0
F06,2601005_20260128_20260207,1,28,38,0
F06,2601005_20260209_20260224,8,40,55,0
F06,2601014_20260227_20260519,7,58,139,0
F06,2601014_20260227_20260514,2,58,134,0
F06,2408003_20260310_20260326,2,69,85,0
F06,2408003_20260330_20260424,1,89,114,0
F06,2408003_20260331_20260408,2,90,98,0
F06,2408003_20260410_20260424,3,100,114,0
F06,2408003_20260521_20260609,1,141,160,0
F07,2411039_20260120_20260307,5,20,66,0
F07,2411039_20260121_20260306,3,21,65,0
F07,2601008_20260130_20260304,10,30,63,0
F07,2412044_20260312_20260425,2,71,115,0
F07,2411039_20260317_20260410,2,76,100,0
F07,2505058_20260317_20260407,1,76,97,0
F07,2411039_20260318_20260325,2,77,84,0
F07,2411039_20260319_20260325,1,78,84,0
F07,2601008_20260403_20260403,1,93,94,0
F07,2505058_20260406_20260421,1,96,111,0
F07,2412044_20260506_20260516,2,126,136,0
F08,2601014_20260122_20260316,15,22,75,0
F08,2601014_20260123_20260316,3,23,75,0
F08,2601005_20260124_20260131,2,24,31,0
F08,2512027_20260127_20260131,2,27,31,0
F08,2512027_20260203_20260307,6,34,66,0
F08,2412044_20260206_20260224,2,37,55,0
F08,2601005_20260206_20260224,2,37,55,0
F08,2501026_20260330_20260409,4,89,99,0
F08,2508048_20260401_20260409,2,91,99,0
F08,2508048_20260402_20260409,2,92,99,0
F08,2501026_20260402_20260409,1,92,99,0
F08,2508048_20260402_20260408,1,92,98,0
F08,2412044_20260413_20260516,1,103,136,0
F08,2412044_20260414_20260516,2,104,136,0
F09,2408003_20260107_20260402,2,7,92,0
F09,2408003_20260112_20260402,2,12,92,0
F09,2408003_20260129_20260320,3,29,79,0
F09,2411039_20260206_20260313,6,37,72,0
F09,2411039_20260206_20260306,2,37,65,0
F09,2411039_20260313_20260323,2,72,82,0
F09,2408003_20260407_20260430,1,97,120,0
F09,2408003_20260504_20260609,1,124,160,0
F10,2601022_20260130_20260213,2,30,44,0
F10,2601014_20260225_20260404,4,56,94,0
F10,2601014_20260226_20260401,2,57,91,0
F10,2601022_20260227_20260331,1,58,90,0
F10,2508048_20260227_20260316,2,58,75,0
F10,2601022_20260605_20260611,1,156,162,0
F10,2601022_20260605_20260610,1,156,161,0
F11,2601022_20260129_20260331,9,29,90,0
F12,2510035_20260204_20260307,2,35,66,0
F12,2510035_20260406_20260422,1,96,112,0
G01,2601018_20260121_20260213,2,21,44,0
G01,2601018_20260122_20260213,2,22,44,0
G01,2510035_20260124_20260205,1,24,36,0
G01,2602008_20260206_20260213,2,37,44,0
G01,2510035_20260213_20260319,4,44,78,0
G01,2510035_20260213_20260307,4,44,66,0
G01,2511002_20260309_20260312,2,68,71,0
G01,2512023_20260320_20260406,7,79,96,0
G01,2512011_20260413_20260518,2,103,138,0
G01,2510035_20260421_20260506,1,111,126,0
G01,2510035_20260423_20260506,1,113,126,0
G01,2510035_20260522_20260610,2,142,161,0
G01,2409028_20260522_20260604,4,142,155,0
G01,2606006_20260605_20260610,2,156,161,0
G02,2601003_20260121_20260402,3,21,92,0
G02,2512021_20260121_20260209,6,21,40,0
G02,2512021_20260122_20260203,4,22,34,0
G02,2512021_20260211_20260304,7,42,63,0
G02,2512021_20260220_20260225,3,51,56,0
G02,2512021_20260306_20260314,2,65,73,0
G02,2603006_20260316_20260326,10,75,85,0
G02,2512011_20260402_20260518,4,92,138,0
G02,2512012_20260518_20260530,3,138,150,0
G02,2512011_20260602_20260613,5,153,164,0
G02,2512011_20260603_20260613,1,154,164,0
G03,2512040_20260116_20260126,6,16,26,0
G03,2511002_20260131_20260209,1,31,40,0
G03,2511002_20260202_20260209,5,33,40,0
G03,2602011_20260221_20260423,4,52,113,0
G03,2602016_20260226_20260309,2,57,68,0
G03,2603011_20260312_20260420,7,71,110,0
G03,2603018_20260316_20260324,1,75,83,0
G03,2603021_20260318_20260324,2,77,83,0
G03,2603002_20260318_20260324,2,77,83,0
G03,2603022_20260328_20260411,1,87,101,0
G03,2603032_20260401_20260407,2,91,97,0
G03,2603002_20260423_20260423,1,113,114,0
G03,2603032_20260529_20260603,6,149,154,0
G04,2601003_20260122_20260402,8,22,92,0
G04,2411040_20260130_20260210,1,30,41,0
G04,2601029_20260220_20260321,1,51,80,0
G04,2411040_20260225_20260321,1,56,80,0
G04,2411040_20260226_20260321,2,57,80,0
G05,2601008_20260129_20260211,10,29,42,0
G05,2509028_20260205_20260209,1,36,40,0
G05,2603011_20260312_20260420,8,71,110,0
G05,2603017_20260318_20260326,8,77,85,0
G05,2509028_20260331_20260417,7,90,107,0
G06,2512021_20260127_20260220,3,27,51,0
G06,2512021_20260128_20260220,4,28,51,0
G06,2512021_20260129_20260220,2,29,51,0
G06,2512021_20260130_20260220,1,30,51,0
G06,2512021_20260131_20260209,2,31,40,0
G06,2602012_20260227_20260314,12,58,73,0
G06,2411040_20260316_20260328,1,75,87,0
G06,2603022_20260330_20260411,10,89,101,0
G07,2512009_20260206_20260225,2,37,56,0
G07,2601014_20260226_20260514,5,57,134,0
G07,2601014_20260226_20260427,4,57,117,0
G07,2603011_20260312_20260420,5,71,110,0
G08,2411040_20260203_20260224,1,34,55,0
G08,2510034_20260206_20260223,4,37,54,0
G08,2411040_20260209_20260224,1,40,55,0
G08,2602012_20260225_20260314,1,56,73,0
G08,2602012_20260226_20260314,7,57,73,0
G08,2411040_20260317_20260331,2,76,90,0
G08,2411040_20260317_20260328,1,76,87,0
G08,2603016_20260317_20260325,2,76,84,0
G08,2604034_20260505_20260613,1,125,164,0
G09,2601008_20260127_20260209,16,27,40,0
G09,2505058_20260226_20260421,2,57,111,0
G09,2602012_20260226_20260314,7,57,73,0
G09,2505058_20260317_20260420,1,76,110,0
G09,2505058_20260318_20260420,4,77,110,0
G09,2505058_20260327_20260420,5,86,110,0
G09,2601008_20260406_20260410,2,96,100,0
G09,2505058_20260521_20260602,3,141,153,0
G09,2505058_20260522_20260602,1,142,153,0
G09,2505058_20260526_20260602,5,146,153,0
G10,2512021_20260130_20260211,4,30,42,0
G10,2512021_20260212_20260304,5,43,63,0
G10,2603008_20260310_20260401,5,69,91,0
