project_code,yard_name,packing_count,source
2411040,G04,3,jeil_actual
2411040,G06,4,jeil_actual
2411040,G05,2,jeil_actual
2411040,H15,22,jeil_actual
2411040,H03,1,jeil_actual
2411040,H14,3,jeil_actual
2502023,C01,89,jeil_actual
2502023,E01,23,jeil_actual
2502023,E02,27,jeil_actual
2502023,A04,13,jeil_actual
2408003,B07,16,jeil_actual
2408003,G10,7,jeil_actual
2408003,H15,11,jeil_actual
2505058,F01,30,jeil_actual
2505058,F04,7,jeil_actual
2506036,G07,8,jeil_actual
2512053,E03,1,jeil_actual
2601001,G06,6,jeil_actual
2308002,H15,1,jeil_actual
2308002,G09,1,jeil_actual
2408003,G09,13,jeil_actual
2502023,B04,44,jeil_actual
2502023,A08,40,jeil_actual
2502023,A01,63,jeil_actual
2502023,D03,10,jeil_actual
2502023,C04,90,jeil_actual
2502023,B05,43,jeil_actual
2504050,F04,7,jeil_actual
2504050,F02,1,jeil_actual
2504050,G08,1,jeil_actual
2504063,G03,5,jeil_actual
2504063,G10,1,jeil_actual
2505058,E01,8,jeil_actual
2507036,H16,4,jeil_actual
2507036,H15,18,jeil_actual
2507036,F05,11,jeil_actual
2508045,F09,7,jeil_actual
2510035,A01,15,jeil_actual
2512014,G10,1,jeil_actual
2512014,G06,2,jeil_actual
2512036,C03,22,jeil_actual
2601003,A02,11,jeil_actual
2601004,G04,1,jeil_actual
2601005,A03,8,jeil_actual
2601005,C02,20,jeil_actual
2601005,G06,8,jeil_actual
2601005,G05,1,jeil_actual
2601006,E06,10,jeil_actual
2601006,E01,1,jeil_actual
2412044,A05,9,jeil_actual
2412044,B09,2,jeil_actual
2501026,B08,17,jeil_actual
2501026,C05,1,jeil_actual
2502034,G06,2,jeil_actual
2502044,G05,8,jeil_actual
2505001,H03,9,jeil_actual
2505001,C05,10,jeil_actual
2505001,F09,1,jeil_actual
2505001,C04,12,jeil_actual
2506027,G06,11,jeil_actual
2506027,E02,5,jeil_actual
2506027,G09,2,jeil_actual
2506027,E05,1,jeil_actual
2507036,G04,4,jeil_actual
2508045,B02,13,jeil_actual
2510011,D05,15,jeil_actual
2510011,B08,17,jeil_actual
2510011,D04,4,jeil_actual
2512021,G09,6,jeil_actual
2512021,G08,3,jeil_actual
2512021,C06,7,jeil_actual
2512021,D05,24,jeil_actual
2512021,B06,18,jeil_actual
2512021,G01,3,jeil_actual
2512021,C05,7,jeil_actual
2512021,D07,9,jeil_actual
2601005,C01,18,jeil_actual
2601007,G07,3,jeil_actual
2601008,H12,22,jeil_actual
2601008,H14,5,jeil_actual
2601008,H10,54,jeil_actual
2601008,H09,56,jeil_actual
2601008,H17,21,jeil_actual
2601008,H08,11,jeil_actual
2601008,H13,14,jeil_actual
2601008,H16,24,jeil_actual
2601008,C01,10,jeil_actual
2601008,H11,9,jeil_actual
2601009,A07,12,jeil_actual
2601010,G09,3,jeil_actual
2601010,G01,1,jeil_actual
2406047,G03,1,jeil_actual
2408003,G06,5,jeil_actual
2408003,G02,3,jeil_actual
2408003,H01,5,jeil_actual
2408005,G06,7,jeil_actual
2408005,B06,1,jeil_actual
2408005,G07,7,jeil_actual
2408005,G03,4,jeil_actual
2409024,G03,11,jeil_actual
2410049,G03,1,jeil_actual
2410049,D07,8,jeil_actual
2410049,G01,2,jeil_actual
2410049,A02,40,jeil_actual
2410049,A04,7,jeil_actual
2410054,G10,4,jeil_actual
2411039,F04,2,jeil_actual
2411039,A05,23,jeil_actual
2411039,B05,27,jeil_actual
2411039,F02,10,jeil_actual
2411040,G08,6,jeil_actual
2411047,C04,12,jeil_actual
2412044,G09,7,jeil_actual
2412044,F12,1,jeil_actual
2501026,B09,3,jeil_actual
2501026,B10,13,jeil_actual
2501026,G02,1,jeil_actual
2502023,C05,1,jeil_actual
2502044,D02,12,jeil_actual
2502044,E04,6,jeil_actual
2502044,G07,7,jeil_actual
2502044,F08,12,jeil_actual
2504035,G09,3,jeil_actual
2504050,G05,1,jeil_actual
2505001,E03,13,jeil_actual
2505058,H15,3,jeil_actual
2505058,G10,3,jeil_actual
2505058,F02,1,jeil_actual
2506036,E06,1,jeil_actual
2506036,A01,11,jeil_actual
2506036,A07,20,jeil_actual
2506036,G08,5,jeil_actual
2506036,B08,19,jeil_actual
2506044,G01,2,jeil_actual
2506044,B08,6,jeil_actual
2506044,G08,1,jeil_actual
2507007,G08,2,jeil_actual
2507007,G09,2,jeil_actual
2507033,G10,4,jeil_actual
2507036,H04,6,jeil_actual
2507036,F10,1,jeil_actual
2507036,F09,4,jeil_actual
2507036,G03,1,jeil_actual
2508005,H04,5,jeil_actual
2508005,H16,5,jeil_actual
2508005,H15,21,jeil_actual
2508021,H11,144,jeil_actual
2508021,H10,152,jeil_actual
2508048,G09,2,jeil_actual
2509014,A03,12,jeil_actual
2509014,G01,2,jeil_actual
2509016,B07,13,jeil_actual
2509016,G02,1,jeil_actual
2509028,H02,7,jeil_actual
2510011,A01,2,jeil_actual
2510034,G08,5,jeil_actual
2510034,G06,4,jeil_actual
2510035,G08,1,jeil_actual
2510035,G05,1,jeil_actual
2510035,F03,17,jeil_actual
2510035,B09,11,jeil_actual
2510035,F02,1,jeil_actual
2510036,G01,7,jeil_actual
2511002,G10,1,jeil_actual
2511002,G07,5,jeil_actual
2512002,G07,6,jeil_actual
2512014,H02,5,jeil_actual
2512021,G07,1,jeil_actual
2512021,A01,17,jeil_actual
2512021,H02,7,jeil_actual
2512021,H01,2,jeil_actual
2512021,G06,7,jeil_actual
2512023,H17,29,jeil_actual
2512026,G09,1,jeil_actual
2512027,A01,9,jeil_actual
2512027,G04,1,jeil_actual
2512040,G03,6,jeil_actual
2512048,G02,1,jeil_actual
2601012,G05,3,jeil_actual
2601014,D08,18,jeil_actual
2601014,A08,18,jeil_actual
2601015,C06,10,jeil_actual
2601017,G03,1,jeil_actual
2601017,G08,3,jeil_actual
2601018,H04,4,jeil_actual
2601019,G01,3,jeil_actual
2601019,F01,1,jeil_actual
2601020,G08,2,jeil_actual
2601021,C06,30,jeil_actual
2601021,D02,34,jeil_actual
2601021,D06,45,jeil_actual
2601021,D01,7,jeil_actual
2601022,D03,11,jeil_actual
2601022,G05,4,jeil_actual
2601023,A08,21,jeil_actual
2601023,A07,8,jeil_actual
2601024,G05,4,jeil_actual
2601026,G09,1,jeil_actual
2308002,C03,16,jeil_actual
2406047,C07,6,jeil_actual
2408005,C01,4,jeil_actual
2409024,G04,2,jeil_actual
2410054,E06,3,jeil_actual
2410054,D02,1,jeil_actual
2410054,F03,29,jeil_actual
2411039,H01,8,jeil_actual
2411039,H15,5,jeil_actual
2411040,G09,3,jeil_actual
2411040,G01,1,jeil_actual
2411040,G03,1,jeil_actual
2411040,G07,2,jeil_actual
2412044,G05,8,jeil_actual
2502023,H09,26,jeil_actual
2502023,D01,37,jeil_actual
2502023,A02,70,jeil_actual
2502023,A03,41,jeil_actual
2502023,B01,33,jeil_actual
2502023,G07,3,jeil_actual
2502023,B06,19,jeil_actual
2502023,C06,22,jeil_actual
2502023,D07,24,jeil_actual
2502023,G09,10,jeil_actual
2502023,C03,100,jeil_actual
2502023,A05,30,jeil_actual
2502023,C02,88,jeil_actual
2502023,B02,37,jeil_actual
2502023,A06,6,jeil_actual
2502023,C08,55,jeil_actual
2502023,G10,1,jeil_actual
2502023,E05,5,jeil_actual
2502023,E04,43,jeil_actual
2502023,D04,26,jeil_actual
2502023,B08,49,jeil_actual
2502023,H08,16,jeil_actual
2504035,G07,1,jeil_actual
2504042,D10,11,jeil_actual
2504042,G01,3,jeil_actual
2505001,G08,1,jeil_actual
2505001,A07,4,jeil_actual
2505001,A08,25,jeil_actual
2505001,H07,1,jeil_actual
2505058,F09,11,jeil_actual
2505058,G01,5,jeil_actual
2505058,G05,9,jeil_actual
2505058,A05,5,jeil_actual
2505058,G06,1,jeil_actual
2506027,G04,6,jeil_actual
2506027,G07,2,jeil_actual
2506036,D10,7,jeil_actual
2506036,D09,17,jeil_actual
2506036,G03,11,jeil_actual
2506036,F04,17,jeil_actual
2506036,C01,23,jeil_actual
2506036,B04,25,jeil_actual
2506036,F05,8,jeil_actual
2506036,D01,6,jeil_actual
2506044,E02,11,jeil_actual
2507036,A01,1,jeil_actual
2507036,G05,5,jeil_actual
2507036,G09,3,jeil_actual
2507036,G06,3,jeil_actual
2508048,G05,2,jeil_actual
2508048,G08,7,jeil_actual
2508048,G10,3,jeil_actual
2508048,G03,5,jeil_actual
2509026,G10,1,jeil_actual
2510011,A04,9,jeil_actual
2510011,G10,1,jeil_actual
2510011,A05,15,jeil_actual
2510011,A03,2,jeil_actual
2510011,F10,1,jeil_actual
2510023,G02,2,jeil_actual
2510035,G07,1,jeil_actual
2510036,A01,6,jeil_actual
2511027,B10,9,jeil_actual
2512002,G03,1,jeil_actual
2512005,B10,10,jeil_actual
2512009,G04,2,jeil_actual
2512011,G01,5,jeil_actual
2512011,G04,4,jeil_actual
2512014,H15,18,jeil_actual
2512021,D02,19,jeil_actual
2512021,D01,1,jeil_actual
2512021,D04,16,jeil_actual
2512021,C04,9,jeil_actual
2512023,H14,8,jeil_actual
2512023,H15,94,jeil_actual
2512027,G10,1,jeil_actual
2512027,E02,6,jeil_actual
2601009,A01,1,jeil_actual
2601009,E03,11,jeil_actual
2601014,C06,22,jeil_actual
2601014,C05,20,jeil_actual
2601014,A06,13,jeil_actual
2601014,A05,1,jeil_actual
2601015,D08,14,jeil_actual
2601015,F01,11,jeil_actual
2601021,D05,39,jeil_actual
2601021,E06,14,jeil_actual
2601021,E05,12,jeil_actual
2601022,G10,1,jeil_actual
2601023,G03,1,jeil_actual
2601023,G06,1,jeil_actual
2601029,F08,12,jeil_actual
2601029,G09,1,jeil_actual
2601029,G02,4,jeil_actual
2601029,G03,2,jeil_actual
2601031,G06,1,jeil_actual
2602001,G02,1,jeil_actual
2602002,G08,3,jeil_actual
2602003,G02,3,jeil_actual
2602004,G08,2,jeil_actual
2602006,G01,2,jeil_actual
2602007,G07,1,jeil_actual
2602008,G07,2,jeil_actual
2602009,D07,9,jeil_actual
2602009,D02,1,jeil_actual
2602009,G02,6,jeil_actual
2602010,G03,1,jeil_actual
2602011,G03,4,jeil_actual
2602012,H04,14,jeil_actual
2602012,H03,11,jeil_actual
2602012,G05,1,jeil_actual
2602012,H05,1,jeil_actual
2602013,G02,3,jeil_actual
2602014,G03,1,jeil_actual
2602016,G07,2,jeil_actual
2602019,G03,1,jeil_actual
2602020,G01,3,jeil_actual
2602021,A03,13,jeil_actual
2602022,E06,17,jeil_actual
2602022,E05,16,jeil_actual
2602022,E04,18,jeil_actual
2602022,E03,7,jeil_actual
2602023,G09,2,jeil_actual
2602024,G10,1,jeil_actual
2602026,G03,1,jeil_actual
2602027,H01,3,jeil_actual
2602028,G08,2,jeil_actual
2602028,G10,3,jeil_actual
2602029,G08,5,jeil_actual
2602030,A01,1,jeil_actual
2306087,H18,2,jeil_actual
2306087,G05,1,jeil_actual
2406047,D08,5,jeil_actual
2406047,A02,10,jeil_actual
2406047,D09,7,jeil_actual
2408003,G03,5,jeil_actual
2408003,G08,6,jeil_actual
2408003,C06,25,jeil_actual
2408003,G04,2,jeil_actual
2408003,G01,1,jeil_actual
2408003,C04,1,jeil_actual
2408005,G05,1,jeil_actual
2408005,D01,21,jeil_actual
2408005,C07,20,jeil_actual
2408005,D02,1,jeil_actual
2408005,B02,31,jeil_actual
2408005,G08,3,jeil_actual
2408005,B04,6,jeil_actual
2410049,A01,1,jeil_actual
2410049,A08,1,jeil_actual
2410049,H04,1,jeil_actual
2410049,E03,1,jeil_actual
2410054,G03,1,jeil_actual
2410054,G02,5,jeil_actual
2410054,D01,38,jeil_actual
2410054,D04,17,jeil_actual
2410054,D05,21,jeil_actual
2410054,D03,17,jeil_actual
2410054,G06,3,jeil_actual
2410054,A01,1,jeil_actual
2410054,A04,7,jeil_actual
2410054,A07,14,jeil_actual
2410054,C01,17,jeil_actual
2410054,B06,43,jeil_actual
2410054,B05,24,jeil_actual
2411039,G07,3,jeil_actual
2411039,D09,9,jeil_actual
2411039,G05,1,jeil_actual
2411040,G02,1,jeil_actual
2411040,H17,1,jeil_actual
2411040,H01,1,jeil_actual
2411040,H16,1,jeil_actual
2411040,H11,1,jeil_actual
2411040,D10,13,jeil_actual
2411040,D08,2,jeil_actual
2411040,D09,2,jeil_actual
2412044,D02,5,jeil_actual
2412044,D10,4,jeil_actual
2412044,H01,2,jeil_actual
2412044,G07,3,jeil_actual
2412044,G10,1,jeil_actual
2501026,D10,10,jeil_actual
2501026,G05,5,jeil_actual
2501026,D04,4,jeil_actual
2501026,C06,1,jeil_actual
2501026,G04,1,jeil_actual
2501026,A06,6,jeil_actual
2501026,G03,1,jeil_actual
2501026,H15,5,jeil_actual
2501026,G07,3,jeil_actual
2501026,G10,1,jeil_actual
2502023,F02,6,jeil_actual
2502023,F05,15,jeil_actual
2502023,F06,10,jeil_actual
2502023,A07,48,jeil_actual
2502023,B10,21,jeil_actual
2502023,D09,36,jeil_actual
2502023,B09,22,jeil_actual
2502023,G08,7,jeil_actual
2502023,B03,38,jeil_actual
2502023,H01,1,jeil_actual
2502044,G09,4,jeil_actual
2502044,D09,13,jeil_actual
2502044,E01,11,jeil_actual
2502044,C03,19,jeil_actual
2502044,A07,8,jeil_actual
2502044,A01,2,jeil_actual
2504035,G05,4,jeil_actual
2504035,A01,1,jeil_actual
2504035,H01,1,jeil_actual
2504042,G10,4,jeil_actual
2504042,A03,10,jeil_actual
2504042,A08,2,jeil_actual
2504042,G08,4,jeil_actual
2504042,C04,5,jeil_actual
2504042,C03,4,jeil_actual
2504042,F01,6,jeil_actual
2504042,A01,2,jeil_actual
2504042,D07,12,jeil_actual
2504042,G03,4,jeil_actual
2505001,H15,4,jeil_actual
2505001,H04,2,jeil_actual
2505001,F05,22,jeil_actual
2505001,D01,22,jeil_actual
2505001,F04,12,jeil_actual
2505001,F03,31,jeil_actual
2505001,A06,2,jeil_actual
2505001,E05,5,jeil_actual
2505058,H01,1,jeil_actual
2505058,A01,12,jeil_actual
2505058,G09,1,jeil_actual
2505058,A02,13,jeil_actual
2505058,C03,6,jeil_actual
2506027,G02,3,jeil_actual
2506027,C01,2,jeil_actual
2506036,G05,6,jeil_actual
2506036,G01,1,jeil_actual
2506036,F07,5,jeil_actual
2506036,F08,1,jeil_actual
2506036,G04,3,jeil_actual
2506044,D08,23,jeil_actual
2506044,G07,1,jeil_actual
2506044,D09,12,jeil_actual
2506044,G05,11,jeil_actual
2506044,F10,1,jeil_actual
2506044,G02,2,jeil_actual
2506044,G04,5,jeil_actual
2506044,C06,3,jeil_actual
2507036,H14,11,jeil_actual
2507036,H01,3,jeil_actual
2507036,F08,9,jeil_actual
2507036,D02,11,jeil_actual
2507036,G08,1,jeil_actual
2507036,G10,1,jeil_actual
2507036,D01,5,jeil_actual
2508021,H08,113,jeil_actual
2508021,H12,48,jeil_actual
2508021,H16,12,jeil_actual
2508021,H09,154,jeil_actual
2508021,H13,9,jeil_actual
2508021,H14,16,jeil_actual
2508021,H15,2,jeil_actual
2508048,F08,11,jeil_actual
2508048,F01,13,jeil_actual
2508048,A01,2,jeil_actual
2508048,D01,4,jeil_actual
2509028,D08,11,jeil_actual
2510011,C07,5,jeil_actual
2510011,G01,5,jeil_actual
2510011,G02,1,jeil_actual
2510034,G09,1,jeil_actual
2510035,D01,12,jeil_actual
2510035,G09,7,jeil_actual
2510035,G04,1,jeil_actual
2510036,G04,2,jeil_actual
2510036,G09,4,jeil_actual
2510036,G10,4,jeil_actual
2511002,G02,2,jeil_actual
2511022,G10,1,jeil_actual
2512002,G05,1,jeil_actual
2512014,G03,7,jeil_actual
2512021,A06,20,jeil_actual
2512021,A08,1,jeil_actual
2512021,G04,1,jeil_actual
2512021,E02,10,jeil_actual
2512021,E01,19,jeil_actual
2512021,H08,1,jeil_actual
2512023,H16,28,jeil_actual
2512023,H13,11,jeil_actual
2512023,H01,2,jeil_actual
2512023,D08,4,jeil_actual
2512023,D09,6,jeil_actual
2512023,H11,2,jeil_actual
2512032,H03,6,jeil_actual
2512032,D10,2,jeil_actual
2512032,H04,4,jeil_actual
2601009,G04,6,jeil_actual
2601009,F08,23,jeil_actual
2601009,F01,1,jeil_actual
2601009,D01,11,jeil_actual
2601015,E03,20,jeil_actual
2601015,D05,20,jeil_actual
2601015,D01,9,jeil_actual
2601021,D04,22,jeil_actual
2601021,C01,2,jeil_actual
2601021,C04,8,jeil_actual
2601021,B02,29,jeil_actual
2601021,A08,18,jeil_actual
2601021,A07,17,jeil_actual
2601021,A01,3,jeil_actual
2601022,G03,3,jeil_actual
2601022,G07,4,jeil_actual
2601022,A01,5,jeil_actual
2601022,A06,1,jeil_actual
2601022,C06,3,jeil_actual
2601022,G06,3,jeil_actual
2601029,G05,1,jeil_actual
2602017,G02,1,jeil_actual
2603001,D01,9,jeil_actual
2603002,G05,2,jeil_actual
2603002,C01,1,jeil_actual
2603002,E03,6,jeil_actual
2603003,G08,1,jeil_actual
2603004,H04,10,jeil_actual
2603004,H17,13,jeil_actual
2603004,H09,3,jeil_actual
2603004,H15,27,jeil_actual
2603004,H16,3,jeil_actual
2603004,G09,3,jeil_actual
2603004,G02,3,jeil_actual
2603004,B05,15,jeil_actual
2603005,G01,5,jeil_actual
2603006,D04,10,jeil_actual
2603007,G04,5,jeil_actual
2603008,G04,5,jeil_actual
2603009,G05,3,jeil_actual
2603011,B07,20,jeil_actual
2603012,G04,1,jeil_actual
2603013,E02,9,jeil_actual
2603013,E01,8,jeil_actual
2603014,B01,15,jeil_actual
2603014,D01,36,jeil_actual
2603014,D05,21,jeil_actual
2603014,C04,7,jeil_actual
2603014,A08,38,jeil_actual
2603014,F07,16,jeil_actual
2603014,A01,40,jeil_actual
2603014,B07,28,jeil_actual
2603014,G03,1,jeil_actual
2603014,A05,38,jeil_actual
2603014,A03,15,jeil_actual
2603015,C04,5,jeil_actual
2603016,G03,2,jeil_actual
2603017,G01,8,jeil_actual
2603017,G02,2,jeil_actual
2603018,G02,1,jeil_actual
2603019,C02,9,jeil_actual
2603019,G05,1,jeil_actual
2603020,G05,1,jeil_actual
2603021,G07,2,jeil_actual
2603022,A01,18,jeil_actual
2603022,A03,3,jeil_actual
2603023,G05,1,jeil_actual
2603024,G08,1,jeil_actual
2603026,G02,2,jeil_actual
2603026,G07,1,jeil_actual
2603028,D08,1,jeil_actual
2603028,G09,1,jeil_actual
2603029,A01,5,jeil_actual
2603029,D01,20,jeil_actual
2603029,C01,16,jeil_actual
2603029,D02,5,jeil_actual
2603029,F01,1,jeil_actual
2603030,D02,5,jeil_actual
2603031,G09,2,jeil_actual
2603032,C01,16,jeil_actual
2603032,G02,2,jeil_actual
2603033,C07,13,jeil_actual
2603034,H15,8,jeil_actual
2603034,H16,8,jeil_actual
2603034,H11,3,jeil_actual
2603034,D08,16,jeil_actual
2604002,G06,3,jeil_actual
2604004,H17,1,jeil_actual
2604004,H08,3,jeil_actual
2604005,D01,7,jeil_actual
2604005,G08,1,jeil_actual
2604006,G08,1,jeil_actual
2604006,D01,1,jeil_actual
2604008,G04,3,jeil_actual
2604009,G09,1,jeil_actual
2604011,G04,3,jeil_actual
2604012,G04,1,jeil_actual
2604013,F01,10,jeil_actual
2604013,G01,3,jeil_actual
2604014,H03,5,jeil_actual
2604015,G07,5,jeil_actual
2604019,E03,2,jeil_actual
2604019,E04,5,jeil_actual
2306079,G07,3,jeil_actual
2406047,G04,4,jeil_actual
2408003,C05,1,jeil_actual
2408005,A01,2,jeil_actual
2408005,G04,1,jeil_actual
2408005,E01,2,jeil_actual
2408005,E02,2,jeil_actual
2409028,F03,4,jeil_actual
2409028,G09,1,jeil_actual
2409028,G04,4,jeil_actual
2409046,G05,1,jeil_actual
2410049,D04,8,jeil_actual
2410049,A03,17,jeil_actual
2410049,C06,2,jeil_actual
2410054,E04,7,jeil_actual
2410054,B02,3,jeil_actual
2410054,B03,10,jeil_actual
2410054,B01,28,jeil_actual
2410054,G09,1,jeil_actual
2410054,B04,19,jeil_actual
2410054,G07,1,jeil_actual
2410054,B07,12,jeil_actual
2410054,D07,2,jeil_actual
2501026,E02,1,jeil_actual
2501026,A01,5,jeil_actual
2502023,E03,12,jeil_actual
2502023,G05,2,jeil_actual
2502044,C05,15,jeil_actual
2502044,G03,2,jeil_actual
2504042,A04,10,jeil_actual
2504042,E03,9,jeil_actual
2504042,G06,4,jeil_actual
2504042,A06,20,jeil_actual
2505001,G01,1,jeil_actual
2505001,F02,15,jeil_actual
2505001,G03,1,jeil_actual
2505058,E04,7,jeil_actual
2505058,E05,1,jeil_actual
2505058,E06,5,jeil_actual
2505058,B06,10,jeil_actual
2505058,D04,14,jeil_actual
2505058,D08,4,jeil_actual
2505058,D07,3,jeil_actual
2506027,G03,5,jeil_actual
2506036,A02,22,jeil_actual
2506036,D05,15,jeil_actual
2506036,B01,12,jeil_actual
2506036,C03,1,jeil_actual
2506036,C02,17,jeil_actual
2506036,B07,16,jeil_actual
2506036,A03,19,jeil_actual
2506036,F09,4,jeil_actual
2506036,E02,11,jeil_actual
2506044,D05,16,jeil_actual
2506044,G03,6,jeil_actual
2506044,D04,2,jeil_actual
2506044,B01,10,jeil_actual
2506044,F04,4,jeil_actual
2506044,E06,12,jeil_actual
2507007,G07,12,jeil_actual
2507007,G02,2,jeil_actual
2507007,G01,4,jeil_actual
2507007,A03,3,jeil_actual
2507007,A01,3,jeil_actual
2507036,D10,5,jeil_actual
2507036,E04,14,jeil_actual
2507036,F02,9,jeil_actual
2507036,B07,11,jeil_actual
2508013,E02,1,jeil_actual
2508021,H01,3,jeil_actual
2508021,A03,1,jeil_actual
2508021,H04,1,jeil_actual
2508021,H03,9,jeil_actual
2509026,G01,2,jeil_actual
2510011,F09,1,jeil_actual
2510011,G05,2,jeil_actual
2510011,F02,15,jeil_actual
2510011,F03,1,jeil_actual
2510011,D09,8,jeil_actual
2510011,D10,28,jeil_actual
2510011,B07,9,jeil_actual
2510035,B01,2,jeil_actual
2510035,D09,3,jeil_actual
2510035,B10,1,jeil_actual
2510035,D08,1,jeil_actual
2512011,H01,3,jeil_actual
2512012,G04,3,jeil_actual
2512023,H03,1,jeil_actual
2512023,D10,1,jeil_actual
2512023,G09,5,jeil_actual
2512023,G10,1,jeil_actual
2512032,D07,4,jeil_actual
2512039,D01,9,jeil_actual
2512048,G04,3,jeil_actual
2512048,G03,1,jeil_actual
2601009,G08,1,jeil_actual
2601009,A02,11,jeil_actual
2601009,D09,10,jeil_actual
2601021,A06,6,jeil_actual
2601021,E01,1,jeil_actual
2601021,D03,2,jeil_actual
2601021,B03,27,jeil_actual
2601021,C07,26,jeil_actual
2601021,C08,7,jeil_actual
2601021,A05,7,jeil_actual
2601021,H11,1,jeil_actual
2601022,A05,9,jeil_actual
2601022,E02,8,jeil_actual
2601022,E03,2,jeil_actual
2601022,F04,9,jeil_actual
2601022,G08,3,jeil_actual
2601022,F05,11,jeil_actual
2601022,F02,10,jeil_actual
2601025,G07,1,jeil_actual
2603004,D09,16,jeil_actual
2603004,H10,3,jeil_actual
2603004,F09,15,jeil_actual
2603004,G01,3,jeil_actual
2603004,D02,14,jeil_actual
2603010,G02,5,jeil_actual
2603014,B05,37,jeil_actual
2603014,H12,5,jeil_actual
2603014,A06,8,jeil_actual
2603014,D04,27,jeil_actual
2603014,B03,29,jeil_actual
2603014,B06,8,jeil_actual
2603024,G02,1,jeil_actual
2603029,G02,1,jeil_actual
2603029,C04,20,jeil_actual
2603029,A02,8,jeil_actual
2603029,G06,1,jeil_actual
2603032,A05,13,jeil_actual
2603032,G09,7,jeil_actual
2603032,A03,13,jeil_actual
2604001,G07,6,jeil_actual
2604007,C06,20,jeil_actual
2604007,G04,2,jeil_actual
2604007,G01,1,jeil_actual
2604007,E05,24,jeil_actual
2604007,E01,1,jeil_actual
2604007,E03,5,jeil_actual
2604007,G05,4,jeil_actual
2604014,F03,5,jeil_actual
2604014,F07,11,jeil_actual
2604014,D10,4,jeil_actual
2604014,D09,4,jeil_actual
2604018,G05,1,jeil_actual
2604018,G03,4,jeil_actual
2604020,G02,2,jeil_actual
2604021,G02,4,jeil_actual
2604022,G10,4,jeil_actual
2604024,A07,21,jeil_actual
2604025,G01,2,jeil_actual
2604026,C05,23,jeil_actual
2604026,C01,1,jeil_actual
2604026,A05,21,jeil_actual
2604026,G05,2,jeil_actual
2604030,G04,1,jeil_actual
2604032,G01,6,jeil_actual
2604032,G04,1,jeil_actual
2604033,G02,2,jeil_actual
2604033,G03,2,jeil_actual
2604034,C07,4,jeil_actual
2604036,D10,3,jeil_actual
2604036,D01,1,jeil_actual
2604036,D07,4,jeil_actual
2604036,A06,4,jeil_actual
2604036,G09,4,jeil_actual
2604036,G08,2,jeil_actual
2604037,G06,3,jeil_actual
2604038,G02,2,jeil_actual
2605001,G04,3,jeil_actual
2605003,G07,1,jeil_actual
2605005,A08,4,jeil_actual
2605008,E05,4,jeil_actual
2605008,G06,4,jeil_actual
2605009,C05,8,jeil_actual
2605011,G05,1,jeil_actual
2605014,G07,3,jeil_actual
2605015,G09,4,jeil_actual
2605016,G02,2,jeil_actual
2605016,G01,1,jeil_actual
2605017,G06,1,jeil_actual
2605019,G03,4,jeil_actual
2605019,E03,1,jeil_actual
2605020,A01,1,jeil_actual
2605021,C01,19,jeil_actual
2605022,F01,5,jeil_actual
2605022,H04,2,jeil_actual
2605022,H01,2,jeil_actual
2605023,G07,4,jeil_actual
2605024,G03,1,jeil_actual
2605026,G01,1,jeil_actual
2605027,A06,5,jeil_actual
2605027,A05,13,jeil_actual
2605028,G03,1,jeil_actual
2605028,E03,1,jeil_actual
2605029,G03,1,jeil_actual
2605033,A02,11,jeil_actual
2605034,C03,13,jeil_actual
2605035,F05,6,jeil_actual
2605035,A01,10,jeil_actual
2605036,E01,6,jeil_actual
2605037,G09,4,jeil_actual
2605038,G01,1,jeil_actual
2605038,B10,1,jeil_actual
2605040,E03,6,jeil_actual
2606006,G02,2,jeil_actual
2606008,G02,1,jeil_actual
2606012,G02,1,jeil_actual
